CREATE DATABASE DB_BINAES_2022;

DROP DATABASE DB_BINAES_2022;

USE DB_BINAES_2022;

--------- EVENTO ---------

CREATE TABLE EVENTO(
    id INT PRIMARY KEY,
    titulo VARCHAR(120) NOT NULL,
    asistentes INT NOT NULL, 
    imagen VARBINARY(MAX) NULL, -- REVISAR SI PUEDE SER NOT NULL O NULL
    --imagen https://docs.microsoft.com/en-us/sql/t-sql/data-types/ntext-text-and-image-transact-sql?view=sql-server-ver16
);

CREATE TABLE OBJETIVO_EVENTO(
    id INT PRIMARY KEY,
    objetivo VARCHAR(200) NOT NULL, 
    id_evento INT NOT NULL,
);

--------- ACTIVIDAD  ---------

CREATE TABLE ACTIVIDAD(
    id INT PRIMARY KEY,
    fecha_inicio DATETIME NOT NULL,
    fecha_final DATETIME NOT NULL,
    id_evento INT NOT NULL,
    id_area INT NOT NULL,
    id_usuario INT NOT NULL,
);

---------  AREA ---------

CREATE TABLE AREA(
    id INT PRIMARY KEY,
    nombre VARCHAR(50) NOT NULL,
    descripcion VARCHAR(250) NOT NULL,
    piso INT NOT NULL,
    id_horario INT NOT NULL,
    id_responsable INT NOT NULL,
    id_disponibilidad_area INT NOT NULL,
);

CREATE TABLE DISPONIBILIDAD_AREA(
    id INT PRIMARY KEY,
    disponible BIT NOT NULL,  
    /* Si es 1 es true y si es 0 falsa.
    DOCUMENTATION:
        -https://docs.microsoft.com/en-us/sql/t-sql/data-types/bit-transact-sql?view=sql-server-ver16
        -https://www.databasestar.com/sql-boolean-data-type/#:~:text=SQL%20Server%20Boolean,TRUE%20and%200%20for%20FALSE.
     */
);



CREATE TABLE RESPONSABLE(
    id INT PRIMARY KEY,
    nombre VARCHAR(75) NOT NULL
);

CREATE TABLE HORARIO(
    id INT PRIMARY KEY,
    dias VARCHAR(50) NOT NULL,
    horas VARCHAR(25) NOT NULL,
);


--------- ASISTENCIA ---------

CREATE TABLE ASISTENCIA(
    id_actividad INT NOT NULL,     
    id_usuario INT NOT NULL,
    fecha_entrada DATETIME NOT NULL,
    fecha_salida DATETIME NULL,
);

--------- USUARIO ---------

CREATE TABLE USUARIO(
    id INT PRIMARY KEY,
    nombre VARCHAR(50) NOT NULL,
    email VARCHAR(75) NOT NULL,
    foto VARBINARY(MAX) NOT NULL, --* falta tratar con default
    cod_qr VARBINARY(MAX) NOT NULL,
    direccion VARCHAR(100) NOT NULL,
    institucion VARCHAR(125) NOT NULL,
    ocupacion VARCHAR(100) NOT NULL,
    id_rol_usuario INT NOT NULL,
    id_telefono INT NOT NULL,    
    password_user VARCHAR(120) NOT NULL,
    --  hay un principio para tratar contraseñas en Base de datos:
    /* DO NOT STORE PASSWORD IN A DATA BASE
    DOCUMENTATION>
        - https://bornsql.ca/blog/how-to-really-store-a-password-in-a-database/
        - https://auth0.com/blog/hashing-passwords-one-way-road-to-security/
        - https://www.mssqltips.com/sqlservertip/4037/storing-passwords-in-a-secure-way-in-a-sql-server-database/ 
        - https://stackoverflow.com/questions/4181198/how-to-hash-a-password
     */
);

CREATE TABLE ROL(
    id INT PRIMARY KEY,
    rol VARCHAR(15) NOT NULL,
);

CREATE TABLE TELEFONO(
    id INT PRIMARY KEY,
    telefono CHAR(12) NOT NULL UNIQUE
        CHECK(telefono LIKE '+503[2|6|7][0-9][0-9][0-9][0-9][0-9][0-9][0-9]'),
);

--------- PRESTAMO Y RESERVA EJEMPLAR ---------

CREATE TABLE PRESTAMO_EJEMPLAR(
    id_usuario INT NOT NULL,
    id_ejemplar INT NOT NULL,     
    fecha_prestamo DATETIME NOT NULL,
    fecha_devolucion DATETIME NOT NULL,  
);

--------- EJEMPLAR  ---------

CREATE TABLE RESERVA_EJEMPLAR(
    id_usuario INT NOT NULL,
    id_ejemplar INT NOT NULL,     
    fecha_reserva DATETIME NOT NULL,
    fecha_devolucion DATETIME NOT NULL, 
);

CREATE TABLE EJEMPLAR(
    id INT PRIMARY KEY,
    nombre VARCHAR(100) NOT NULL,
    fecha_publicacion DATE NOT NULL,
    portada VARBINARY(MAX) NOT NULL,--revisar si puede ser NOT NULL Y PONER UN DEFAULT
    id_coleccion INT NULL,
    id_autor INT NOT NULL,
    id_bibliografico INT NOT NULL,
    id_editorial INT NOT NULL,
    id_idioma INT NOT NULL,
    id_formato INT NOT NULL,
    id_disponibilidad_ejemplar INT NOT NULL,
);

CREATE TABLE DISPONIBILIDAD_EJEMPLAR(
    id INT PRIMARY KEY,
    disponible BIT NOT NULL, 
);

CREATE TABLE AUTOR(
    id INT PRIMARY KEY,
    nombre VARCHAR(50) NOT NULL,
);

CREATE TABLE ID_BIBLIOGRAFICO(
    id INT PRIMARY KEY,
    tipo VARCHAR(15) NULL,
    identificador VARCHAR(50) NULL,
);

CREATE TABLE FORMATO(
    id INT PRIMARY KEY,
    formato VARCHAR(10) NOT NULL,
);

CREATE TABLE IDIOMA(
    id INT PRIMARY KEY,
    idioma VARCHAR(50) NOT NULL,
);

CREATE TABLE EDITORIAL(
    id INT PRIMARY KEY,
    editorial VARCHAR(50) NOT NULL,
);

CREATE TABLE PALABRA_CLAVE(
    id INT PRIMARY KEY,
    etiqueta VARCHAR(100) NOT NULL,
    id_ejemplar INT NOT NULL,
);


--------- COLECCION ---------

CREATE TABLE COLECCION(
    id INT PRIMARY KEY,
    nombre VARCHAR(75) NOT NULL,
    id_tipo INT NOT NULL,
    id_genero INT NOT NULL,
);

CREATE TABLE GENERO(
    id INT PRIMARY KEY,
    nombre VARCHAR(30) NOT NULL,
);

CREATE TABLE TIPO_COLECCION(
    id INT PRIMARY KEY,
    nombre VARCHAR(75) NOT NULL,
);

------------ FK's --------------
---*

ALTER TABLE OBJETIVO_EVENTO ADD CONSTRAINT fk_id_evento_objetivo FOREIGN KEY(id_evento) REFERENCES EVENTO(id)
    ON DELETE CASCADE
    ON UPDATE CASCADE
;

ALTER TABLE ACTIVIDAD ADD CONSTRAINT fk_id_evento FOREIGN KEY(id_evento) REFERENCES EVENTO(id)
    ON DELETE CASCADE
    ON UPDATE CASCADE
;

ALTER TABLE ACTIVIDAD ADD CONSTRAINT fk_id_area FOREIGN KEY(id_area) REFERENCES AREA(id);
ALTER TABLE ACTIVIDAD ADD CONSTRAINT fk_id_usuario FOREIGN KEY(id_usuario) REFERENCES USUARIO(id);

ALTER TABLE AREA ADD CONSTRAINT fk_id_horario FOREIGN KEY(id_horario) REFERENCES HORARIO(id);
ALTER TABLE AREA ADD CONSTRAINT fk_id_responsable FOREIGN KEY(id_responsable) REFERENCES RESPONSABLE(id);

ALTER TABLE ASISTENCIA ADD CONSTRAINT pk_asitencia  PRIMARY KEY (id_actividad, id_usuario);
ALTER TABLE ASISTENCIA ADD CONSTRAINT fK_id_actividad_asistencia FOREIGN KEY (id_actividad) REFERENCES ACTIVIDAD(id);
ALTER TABLE ASISTENCIA ADD CONSTRAINT fk_id_usuario_asistencia FOREIGN KEY (id_usuario) REFERENCES USUARIO(id);

ALTER TABLE USUARIO ADD CONSTRAINT fk_id_rol_user FOREIGN KEY(id_rol_usuario) REFERENCES ROL(id);
ALTER TABLE USUARIO ADD CONSTRAINT fk_id_telefono FOREIGN KEY(id_telefono) REFERENCES TELEFONO(id);
---*

ALTER TABLE PRESTAMO_EJEMPLAR ADD CONSTRAINT pk_prestamo_ejemplar PRIMARY KEY (id_usuario, id_ejemplar);
ALTER TABLE PRESTAMO_EJEMPLAR ADD CONSTRAINT fk_id_usuario_prestamo FOREIGN KEY (id_usuario) REFERENCES USUARIO(id);
ALTER TABLE PRESTAMO_EJEMPLAR ADD CONSTRAINT fk_id_ejemplar_prestamo FOREIGN KEY (id_ejemplar) REFERENCES EJEMPLAR(id);

ALTER TABLE RESERVA_EJEMPLAR ADD CONSTRAINT pk_reserva_ejemplar PRIMARY KEY (id_usuario, id_ejemplar);
ALTER TABLE RESERVA_EJEMPLAR ADD CONSTRAINT fk_id_usuario_reserva FOREIGN KEY (id_usuario) REFERENCES USUARIO(id);
ALTER TABLE RESERVA_EJEMPLAR ADD CONSTRAINT fk_id_ejemplar_reserva FOREIGN KEY (id_ejemplar) REFERENCES EJEMPLAR(id);

---*
ALTER TABLE EJEMPLAR ADD CONSTRAINT fk_id_coleccion FOREIGN KEY(id_coleccion) REFERENCES COLECCION(id)
    ON DELETE SET NULL
;

ALTER TABLE EJEMPLAR ADD CONSTRAINT fk_id_autor FOREIGN KEY(id_autor) REFERENCES AUTOR(id);
ALTER TABLE EJEMPLAR ADD CONSTRAINT fk_id_bibliografico FOREIGN KEY(id_bibliografico) REFERENCES ID_BIBLIOGRAFICO(id);
ALTER TABLE EJEMPLAR ADD CONSTRAINT fk_id_editorial FOREIGN KEY(id_editorial) REFERENCES EDITORIAL(id);
ALTER TABLE EJEMPLAR ADD CONSTRAINT fk_id_idioma FOREIGN KEY(id_idioma) REFERENCES IDIOMA(id);
ALTER TABLE EJEMPLAR ADD CONSTRAINT fk_id_formato FOREIGN KEY(id_formato) REFERENCES FORMATO(id);

ALTER TABLE PALABRA_CLAVE ADD CONSTRAINT fk_id_ejemplar FOREIGN KEY(id_ejemplar) REFERENCES EJEMPLAR(id);

--*
ALTER TABLE COLECCION ADD CONSTRAINT fk_id_tipo FOREIGN KEY(id_tipo) REFERENCES TIPO_COLECCION(id);
ALTER TABLE COLECCION ADD CONSTRAINT fk_id_genero FOREIGN KEY(id_genero) REFERENCES GENERO(id);

ALTER TABLE AREA ADD CONSTRAINT fk_id_disponibilidad_area FOREIGN KEY (id_disponibilidad_area) REFERENCES DISPONIBILIDAD_AREA(id);
ALTER TABLE EJEMPLAR ADD CONSTRAINT fk_id_disponibilidad_ejemplar FOREIGN KEY (id_disponibilidad_ejemplar) REFERENCES DISPONIBILIDAD_EJEMPLAR(id);

----------- INSERTS --------------------------


INSERT INTO EVENTO(id,titulo,asistentes,imagen) VALUES 
    (1 ,'Taller sobre Libros electronicos: uso y aprovechamiento', 75, 0x86f0566281),
	(2 ,'Capacitación sobre ZOTERO: software sobre referencias bibliográficas', 23, 0x4b2742ce7f),
	(3 ,'Capacitación para el desarrollo de competencias del Talento Humano', 58, 0xa2ce6afa6a),
	(4 ,'Cinefórum sobre la historia de la Guerra civil en El Salvador', 100, 0xbdd2ee5b72),
	(5 ,'Foro sobre "El vitalismo desde el punto de vista de Alberto Masferrer"', 88, 0x108bf667b3),
	(6 ,'Foro de divulgación de ciencia y tecnología', 25, 0xdf888d1f02),
	(7 ,'Debate sobre la digitalización del patrinomio cultural', 45, 0xa3e39a9f63),
	(8 ,'Cinefórum: Derechos humanos y personas mayores', 76, 0x550a0385bc),
	(9 ,'Jornada de entrenamiento en el uso de recursos online', 115, 0x5e3bb52393),
	(10,'Exposición sobre la literatura en El Salvador', 90, 0x3d941fb9f1);
INSERT INTO EVENTO(id,titulo,asistentes,imagen) VALUES 
	(11,'Ferias de Actualización Bibliográfica'                                                                        , 65, 0x55bc3686f6),
	(12,'Venta de Bibliografía Básica'                                                                                 , 35, 0xfcb9f108e0),
	(13,'Foro sobre Clara Campoamor Rodriguez: mujer y ciudadana (1888-1972)'                                          , 74, 0xb01781cbc2),
	(14,'El marqués de Santillana. Imágenes y letras'                                                                  , 164,0x39c3deda32),
	(15,'Cuanto sé de mí. José Hierro en su centenario (1922-2022)'                                                    , 18, 0x39865cdee3),
	(16,'Antonio de Nebrija (c. 1444-1522): "El orgullo de ser gramáticor"'                                            , 64, 0xee39bfe779),
	(17,'Feria de Libros y Recursos Electrónicos 2022'                                                                 , 86, 0xbb0711c261),
	(18,'Ciclo de Escritores Latinoamericanos'                                                                         , 46, 0xb5c1430398),
	(19,'El amor por la lectura y los Clubs de Lectura'                                                                , 85, 0xcf7d613aff),
	(20,'Capacitación para la Gestión Editorial de Revistas Electrónicas'                                              , 43, 0xc407bd0bab),
	(21,'Lectura de poesía de escritores salvadoreños'                                                                 , 121,0x604b2374db),
	(22,'Seminario "Impulsando el desarrollo de las bibliotecas escolares"'                                            , 65, 0x61351a9d0d),
	(23,'Taller "Biblioteca escolar: Leer es un juego, más allá del tablero"'                                          , 70, 0xb2f87ad95b),
	(24,'Club de lectura. “La ciudad de los cuentos”'                                                                  , 87, 0xd786c74fef),
	(25,'Programa: Enfoque de género en las bibliotecas: Un Espacio de Encuentro para todos y todas'                   , 40, 0xd908967459),
	(26,'Cinefórum: Yawar Wanka'                                                                                       , 75, 0xc708516917),
	(27,'Conversatorio Biblioteca y sociedad: fortaleciendo lazos culturales'                                          , 64, 0x723ec87275),
	(28,'Convocatoria Dibujo Infantil 2022'                                                                            , 72, 0xbe2db6048b),
	(29,'Mesa de diálogo: Centenario de un andar. Ulysses'                                                             , 53, 0xe15d9addf3),
	(30,'Presentación: “El libro de los reyes de Ferdowsí: La gran épica persa traducida al español'                   , 26, 0x06c8ce06ff),
	(31,'Conferencia: El lector del mundo y sus libros: la biblioteca perdida de Hernando Colón'                       , 73, 0x5b04bc00ea),
	(32,'Presentación del libro: “Pautas para el desarrollo y la evaluación de proyectos digitales en las humanidades”', 167,0x5454bc173d),
	(33,'Exposición Historia y destino de la Bibliografía Salvadoreña'                                                 , 126,0x8795f9f2f5),
	(34,'Exposición Memoria Viva del Libro'                                                                            , 90, 0xcff227ba99),
	(35,'Curso Literatura fantástica en Hispanoamérica'                                                                , 38, 0xa9ca737fac),
	(36,'Curso: “¿Basada en hechos reales? Novela histórica, historia y biografía'                                     , 80, 0x9cf275a848),
	(37,'Curso Latín Básico 2022'                                                                                      , 34, 0x4079e4a4a2),
	(38,'Curso Literatura fantástica en España'                                                                        , 35, 0xd961ddb275),
	(39,'Exposición: "La prensa en la conformación de la cultura nacional"'                                            , 78, 0x08d3f5de4d),
	(40,'Conversatorio: ¿Cómo una idea se convierte en una librería?'                                                  , 36, 0x52f732f83b),
	(41,'Exposición sobre Kâulak: fotógrafo, pintor y escritor'                                                        , 94, 0x6e51a11895),
	(42,'Taller de biografia: La Re-construcción de una vida'                                                          , 35, 0x01ae5a229e),
	(43,'Taller de lectura: el velo de la escritura'                                                                   , 142,0x199b336ed41),
	(44,'Seminario de novela breve'                                                                                    , 110,0xfafc18fccb),
	(45,'Taller de lectura y escritura de poesía "Modernos y modernísimos: ¡al poema le incumbe todo!"'                , 54, 0x962375548b),
	(46,'Club de lectura de literatura salvadoreña y extranjera'                                                       , 70, 0x0a2d4987e0),
	(47,'Taller de cine y literatura IV: La razón de la sinrazón'                                                      , 41, 0xfdef7a0f25),
	(48,'Curso “Maestros del pensamiento”'                                                                             , 90, 0x72ab647d53),
	(49,'Taller “Herramientas para cuento y novela”'                                                                   , 76, 0xb02abb9ca4),
	(50,'Taller de lectura de narrativa latinoamericana contemporánea.'                                                , 68, 0x6ace759fd8),
	(51,'Curso “Saberes de la opresión, saberes de la emancipación"'                                                   , 86, 0xe54ab1ae56),
	(52,'Curso-taller “Crónicas viajeras. Invitación a la escritura del mundo”'                                        , 65, 0x396905857a),
	(53,'Curso “Michel Foucault y la historia de la filosofía”'                                                        , 26, 0x9953f05eca),
	(54,'Taller “Herramientas para cuento y novela”'                                                                   , 45, 0x5fa499d504),
	(55,'Taller de escritura para jóvenes'                                                                             , 65, 0xfaeaf31675),
	(56,'Curso “Sicilia y sus escritores”'                                                                             , 52, 0x41bd131928),
	(57,'Taller de diarios y cartas. ¿Cómo abordar dos géneros anacrónicos en el presente?'                            , 13, 0xc69195c1ff),
	(58,'Curso “Filosofía y literatura: afinidades electivas”'                                                         , 68, 0x9e194a383e),
	(59,'Curso “Leer para escribir: Virginia Woolf y la creación de un punto de vista inusual”'                        , 98, 0x8486075b8c),
	(60,'Curso “Dos reyes, dos laberintos”. Encuentros entre cine y literatura III'                                    , 142,0xcd42a4d8a8),
	(61,'Foro: Explorando los materiales cartográficos y fotográficos de la Biblioteca Nacional'                       , 56, 0x5b5caac35d),
	(62,'Seminario-taller “El humor como práctica y experiencia. Sobre viñeta, historieta e intervención humorística"' , 78, 0x86857df179),
	(63,'Taller conociendo las herramientas del catálogo en línea de la Biblioteca Nacional'                           , 40, 0xbf05262ae8),
	(64,'Curso-taller: Crónicas viajeras. Invitación a la escritura del mundo'                                         , 102,0x1dfce7f797),
	(65,'Taller: Cómo encontrar poesía en el motor de un auto'                                                         , 105,0x25ad590e78),
	(66,'Taller de iniciación en la ficción'                                                                           , 54, 0xeaa64103b8),
	(67,'Curso: Problemas históricos abordados desde cinematografías nacionales y extranjeras'                         , 70, 0x6776ca53cd),
	(68,'Curso: La ciencia ficción desde sus orígenes hasta la actualidad'                                             , 84, 0xd635ef0e58),
	(69,'Curso: El escritor y sus personajes'                                                                          , 67, 0xfe0cd8ba03),
	(70,'Curso: Encuentros entre cine y literatura'                                                                    , 60, 0x38ac9d8db3),
	(71,'Conferencia "Franceses en la revolución del 25 de Mayo de 1809"'                                              , 76, 0xe2204120f9),
	(72,'Exposición “Códices de México e Inventarios del Mundo”'                                                       , 37, 0xcb150f4ed3),
	(73,'Curso de Epigrafía Maya'                                                                                      , 94, 0x6764e16c58),
	(74,'Exposición: Diálogos en el arte salvadoreño 1900-2017'                                                        , 66, 0x08daa637e2),
	(75,'Foro sobre las mujeres en la independencia de Centroamérica'                                                  , 73, 0x548f193e2c),
	(76,'Seminario internacional: “Cuidado,violencia y políticas públicas para la niñez y adolescencia”'               , 20, 0x3b847d938b),
	(77,'Foro Contando lo Invisible, primero las Niñas'                                                                , 50, 0xaf7a539e16),
	(78,'Taller de lectura: Los amigos de Shakespeare'                                                                 , 98, 0x2bf4a2843a),
	(79,'Foro: "La producción Artesanal en El Salvador"'                                                               , 113,0x9e1355a276),
	(80,'Foro: "La nueva Era de Empresas Sociales en El Salvador"'                                                     , 53, 0x9aaa70699d),
	(81,'Cinefórum: Conociendo la historia de Alfredo Espino en la literatura'                                         , 52, 0x8f411fdc97),
	(82,'Conversatorio virtual: “Participación: una reflexión desde la ciudadanía”'                                    , 96, 0x488db5b706),
	(83,'Exposición: Unidos por la cultura'                                                                            , 65, 0x1568cd0b8b),
	(84,'"Foro Innovación y Conocimiento sobre Turismo Accesible"'                                                     , 74, 0x23afcda6b6),
	(85,'"Presentación de libro: «Lo que queda de la noche"'                                                           , 36, 0xb6265a7a55),
	(86,'Foro: Las vanguardias poéticas latinoamericanas'                                                              , 46, 0xe6b6215cb1),
	(87,'Taller de dibujo secuencial '                                                                                 , 73, 0x1308e4ab5f),
	(88,'Taller infantil para la elaboración de cortina con botellas'                                                  , 120,0x6d19b5571a),
	(89,'Taller Mini reporteros'                                                                                       , 40, 0x7e39e6103f),
	(90,'Foro: Fortaleciendo capacidades sociales y culturales para reducir las brechas de desigualdad en El Salvador' , 60, 0x371c4381c0),
	(91,'Taller de edición de wikipedia'                                                                               , 64, 0x7c9fd000c0),
	(92,'Taller de Escritura Creativa'                                                                                 , 35, 0x6888bb4c2e),
	(93,'Taller: Restauración de libros'                                                                               , 64, 0x685e5d9b9b),
	(94,'Conversatorio Podcast y Memoria Histórica'                                                                    , 90, 0x8b3216313d),
	(95,'Taller: Cartas para reescribir la violencia'                                                                  , 54, 0x12d4b3253e),
	(96,'III Encuentro de poesía de San Salvador'                                                                      , 50, 0xb4ca8b11f8),
	(97,'Exposición: La batalla del volcán'                                                                            , 75, 0x4982d38714),
	(98,'Taller de Introducción a la Investigación Operativa'                                                          , 60, 0x41983dbf79),
	(99,'Taller: La comunicación a través del juego'                                                                   , 90, 0xd8b435015f),
	(100,'Taller para contar cuentos'                                                                                  , 122,0x0eb18a1ab1);



INSERT INTO OBJETIVO_EVENTO(id,objetivo,id_evento) VALUES
    (1,'Promover la alfabetización digital y facilitar el acceso a las TICs a los miembros de la sociedad', 1),
	(2,'Posibilitar la gestión y el uso de citaciones bibliograficas, brindar las posibilidades que brinda ZOTERO como gestor bibliografico', 2),
	(3,'Garantizar la agilidad frente a la computadora, implementando tecnicas que haría más eficiente el trabajo del usuario', 3),
	(4,'Conocer y reflexionar sobre los principales motivos por el cual se desarrollo este conflicto belico en El Salvador', 4),
	(5,'Explanar sobre los principios fundamentales de la Educacion Vitalista que propuso Alberto Masferrer a la sociedad', 5),
	(6,'Incitar la divulgación científica y tecnologica a través de la utilización de estrategias que promuevan un mejor desarrollo de la calidad de vida', 6),
	(7,'Exponer la relevancia actual de las técnicas y estudios destinados a la digitalización del patrimonio cultural', 7),
	(8,'Incitar el respeto de los derechos de las personas mayores en una perspectiva actual.', 8),
	(9,'Conocer e implentar estrategias de recuperación de información en bases de datos científicas.', 9 ),
	(10,'Conocer acerca de las principales manifestaciones de la literatura en El Salvador y sus máximos exponentes', 10);

INSERT INTO HORARIO(id,dias,horas) VALUES
    (1,  'Lunes a Viernes'             ,'8:00-17:00'),
	(2,  'Lunes a Domingo'             ,'8:00-17:00'),
	(3,  'Lunes, miércoles y viernes'  ,'7:00-21:00'),
	(4,  'Martes y Jueves'             ,'8:00-13:00'),
	(5,  'Martes, Jueves y Sábado'     ,'9:00-14:00'),
	(6,  'Lunes, Martes y Miércoles'   ,'7:00-18:00'),
	(7,  'Lunes,Martes,Jueves,Viernes' ,'7:00-20:00'),
	(8,  'Sábado'                      ,'8:00-12:00'),
	(9,  'Lunes a Viernes'             ,'8:00-17:45'),
	(10, 'Lunes a sábado'              ,'9:00-21:00');

INSERT INTO RESPONSABLE(id,nombre) VALUES
    (1, 'Aura Ivette Morales'),
	(2, 'Gerald Jose Zelaya'),
	(3, 'Roxana Alvarenga de Nerio'),
	(4, 'Franklin Ricardo Abrego'),
	(5, 'Karla Paola Martínez'),
	(6, 'Jaime Esaú Rivera'),
	(7, 'Cristian Marcel Menjívar'),
	(8, 'Gloria Vanessa Estrada'),
	(9, 'Francisco Antonio Mejía'),
	(10, 'Maria Alejandra Arce');

INSERT INTO DISPONIBILIDAD_AREA(id,disponible) VALUES
    (1, 0),
	(2, 1);

INSERT INTO AREA(id,nombre,descripcion, piso, id_horario,id_responsable, id_disponibilidad_area) VALUES 
    (1, 'Salones lúdicos'                 ,'Área con capacidad para 65 personas, cuenta con espacios recreativos, 3 rincones de lecturas para incentivar la comunicación a ninños y niñas a temprana edad '              , 1, 2, 10, 2),
	(2, 'Área de biblioteca'              ,'Cuenta con 250 puestos de lectura y un sector destinado al servicio de acceso a Internet'                                                                                    , 2, 4, 9, 2),
	(3, 'Auditórium '                     ,'Área moderna con capacidad máxima de 358 personas, diseñado y equipado para presentar diversas actividades artísticas, culturales y educativas'                              , 1, 1, 8, 1),
	(4, 'Área de computación'             ,'Área con capacidad para 70 personas, el cual posee cubículos individuales con ordenadores y 8 terminales de autoconsulta'                                                    , 1, 3, 7, 2),
	(5, 'Sala de investigación'           ,'Cuenta con 50 mesas para estudio e investigación provistos con equipos informáticos con acceso a Internet, '                                                                 , 4, 6, 6, 2),
	(6, 'Área de promoción de inclusión'  ,'Posee 20 equipos, 10 de ellos adaptados para personas con discapacidad, salas de lectura adecuadas, líneas Braïlle, lupas y colecciones de audiolibros.'                     , 1, 9, 5, 2),
	(7, 'Sala de proyección'              ,'Área equipada con 15 mesas y 5 ordenadores en cada mesa, material bibliografico básico recomendado en las asignaturas, así mismo cuenta con una capacidad para 200 personas' , 2, 7, 4, 1),
	(8, 'Área de la biblioteca'           ,'Posee mesas de trabajo individual, cubículo-sofá con pantalla para trabajo en grupo, butacas y 5 ordenadores para consulta de cátalogo virtual'                              , 4, 5, 3, 2),
	(9, 'Área de computación'             ,'Cuenta con 25 equipos para alumnos y uno para el profesor. También disponen de pantalla, pizarra, proyector, conexión WIFI y webcam.'                                        , 3, 10, 2, 2),
	(10, 'Sala de proyección'             ,'Cuenta con 10 mesas y 8 sillas cada mesa, 5 ordenadores disponibles para consultas, conexión WIFI, Webcam y Conexiones HDMI.'                                                , 3, 8, 1, 2);

INSERT INTO ROL(id,rol) VALUES 
    (1,'Administrador'),
    (2,'Usuario'      );

INSERT INTO TELEFONO(id,telefono) VALUES
    (2, '+50375689023'),
	(8, '+50323612089'),
	(1, '+50378750184'),
	(9, '+50361207843'),
	(7, '+50325891267'),
	(3, '+50371988811'),
	(5, '+50375917682'),
	(6, '+50326063456'),
	(4, '+50376892492'),
	(10,'+50368971485');


INSERT INTO TELEFONO (id, telefono) VALUES 
(11,     '+50366702235'),
(12,     '+50364130213'),
(13,     '+50363723560'),
(14,     '+50369339635'),
(15,     '+50366961231'),
(16,     '+50362058103'),
(17,     '+50367469154'),
(18,     '+50369219281'),
(19,     '+50364264311'),
(20,     '+50367304937'),
(21,     '+50367765082'),
(22,     '+50361087066'),
(23,     '+50366520589'),
(24,     '+50366233019'),
(25,     '+50365904852'),
(26,     '+50368240231'),
(27,     '+50369159146'),
(28,     '+50364981574'),
(29,     '+50361570472'),
(30,     '+50369575258'),
(31,     '+50368528177'),
(32,     '+50368321151'),
(33,     '+50368446456'),
(34,     '+50364396921'),
(35,     '+50364214958'),
(36,     '+50369401146'),
(37,     '+50365201697'),
(38,     '+50364725953'),
(39,     '+50367559409'),
(40,     '+50365160020'),
(41,     '+50361551521'),
(42,     '+50367213388'),
(43,     '+50364866546'),
(44,     '+50361781966'),
(45,     '+50361329409'),
(46,     '+50365408283'),
(47,     '+50364338618'),
(48,     '+50364629907'),
(49,     '+50364772419'),
(50,     '+50363192098'),
(51,     '+50366230685'),
(52,     '+50361384017'),
(53,     '+50361863988'),
(54,     '+50364171437'),
(55,     '+50367581080'),
(56,     '+50365948706'),
(57,     '+50364905937'),
(58,     '+50363770004'),
(59,     '+50367736251'),
(60,     '+50367414252'),
(61,     '+50364455578'),
(62,     '+50366179664'),
(63,     '+50363928423'),
(64,     '+50361759621'),
(65,     '+50368557009'),
(66,     '+50363405683'),
(67,     '+50363653270'),
(68,     '+50368557987'),
(69,     '+50369307728'),
(70,     '+50363755417'),
(71,     '+50362361009'),
(72,     '+50365626007'),
(73,     '+50361873213'),
(74,     '+50368229952'),
(75,     '+50368295861'),
(76,     '+50365709081'),
(77,     '+50362470581'),
(78,     '+50365909042'),
(79,     '+50361927710'),
(80,     '+50365845448'),
(81,     '+50364306037'),
(82,     '+50362872065'),
(83,     '+50362133830'),
(84,     '+50366333066'),
(85,     '+50367655726'),
(86,     '+50363560163'),
(87,     '+50362232002'),
(88,     '+50366187982'),
(89,     '+50369097919'),
(90,     '+50364885538'),
(91,     '+50367353275'),
(92,     '+50363995782'),
(93,     '+50365814006'),
(94,     '+50363853008'),
(95,     '+50365197441'),
(96,     '+50366245175'),
(97,     '+50364594731'),
(98,     '+50369004491'),
(99,     '+50368964626'),
(100,    '+50365042661'),
(101,    '+50361633762'),
(102,    '+50367237006'),
(103,    '+50366932703'),
(104,    '+50378902041'),
(105,    '+50376598619'),
(106,    '+50376460383'),
(107,    '+50373407589'),
(108,    '+50371835393'),
(109,    '+50375553373'),
(110,    '+50372358734'),
(111,    '+50373292798'),
(112,    '+50372676826'),
(113,    '+50374173109'),
(114,    '+50373639302'),
(115,    '+50371470081'),
(116,    '+50375295792'),
(117,    '+50373415462'),
(118,    '+50373262483'),
(119,    '+50372855771'),
(120,    '+50378031245'),
(121,    '+50371973367'),
(122,    '+50376188856'),
(123,    '+50375654724'),
(124,    '+50376809757'),
(125,    '+50379643502'),
(126,    '+50375087918'),
(127,    '+50375322758'),
(128,    '+50371019887'),
(129,    '+50376323126'),
(130,    '+50376360576'),
(131,    '+50374664259'),
(132,    '+50372895522'),
(133,    '+50379205174'),
(134,    '+50376204392'),
(135,    '+50376433607'),
(136,    '+50378437407'),
(137,    '+50375371825'),
(138,    '+50375554402'),
(139,    '+50372886514'),
(140,    '+50379435401'),
(141,    '+50371633213'),
(142,    '+50376480894'),
(143,    '+50373692711'),
(144,    '+50377354343'),
(145,    '+50377302027'),
(146,    '+50376033024'),
(147,    '+50379428576'),
(148,    '+50376802294'),
(149,    '+50374997698'),
(150,    '+50375625324'),
(151,    '+50378390931'),
(152,    '+50372590983'),
(153,    '+50377100820'),
(154,    '+50378984640'),
(155,    '+50374055563'),
(156,    '+50374732078'),
(157,    '+50371366709'),
(158,    '+50379212077'),
(159,    '+50377632647'),
(160,    '+50378849349'),
(161,    '+50379759001'),
(162,    '+50371662906'),
(163,    '+50371878606'),
(164,    '+50375015376'),
(165,    '+50374584037'),
(166,    '+50379247036'),
(167,    '+50378899914'),
(168,    '+50377668368'),
(169,    '+50375651618'),
(170,    '+50376088036'),
(171,    '+50372040990'),
(172,    '+50378819734'),
(173,    '+50378118851'),
(174,    '+50376723750'),
(175,    '+50379131969'),
(176,    '+50373425253'),
(177,    '+50374877642'),
(178,    '+50371416501'),
(179,    '+50378416719'),
(180,    '+50373144416'),
(181,    '+50371422770'),
(182,    '+50371970697'),
(183,    '+50377372979'),
(184,    '+50376002181'),
(185,    '+50376527363'),
(186,    '+50377387838'),
(187,    '+50378436991'),
(188,    '+50376549474'),
(189,    '+50376952530'),
(190,    '+50371370562'),
(191,    '+50374108415'),
(192,    '+50371249771'),
(193,    '+50379539860'),
(194,    '+50372290044'),
(195,    '+50375977576'),
(196,    '+50374524647'),
(197,    '+50377424115'),
(198,    '+50375274447'),
(199,    '+50377405316'),
(200,    '+50379562598'),
(201,    '+50375611695'),
(202,    '+50373266612'),
(203,    '+50373980542'),
(204,    '+50379948008'),
(205,    '+50376700728'),
(206,    '+50378683076'),
(207,    '+50372374600'),
(208,    '+50371379212'),
(209,    '+50379137918'),
(210,    '+50377970083'),
(211,    '+50373425153'),
(212,    '+50379113807'),
(213,    '+50371287641'),
(214,    '+50373544175'),
(215,    '+50372119560'),
(216,    '+50373796597'),
(217,    '+50372342530'),
(218,    '+50373997241'),
(219,    '+50372311088'),
(220,    '+50374174200'),
(221,    '+50376926066'),
(222,    '+50377547729'),
(223,    '+50376125394'),
(224,    '+50372740228'),
(225,    '+50371402174'),
(226,    '+50376073848'),
(227,    '+50373087373'),
(228,    '+50371600080'),
(229,    '+50371799100'),
(230,    '+50373468887'),
(231,    '+50373485037'),
(232,    '+50371678720'),
(233,    '+50372098545'),
(234,    '+50376889354'),
(235,    '+50371919304'),
(236,    '+50372151652'),
(237,    '+50373830171'),
(238,    '+50379102931'),
(239,    '+50373619197'),
(240,    '+50379844988'),
(241,    '+50376757421'),
(242,    '+50375902031'),
(243,    '+50371406326'),
(244,    '+50376960145'),
(245,    '+50371757849'),
(246,    '+50371568917'),
(247,    '+50374924227'),
(248,    '+50377257064'),
(249,    '+50376998137'),
(250,    '+50373264724'),
(251,    '+50374185296'),
(252,    '+50378187904'),
(253,    '+50374051967'),
(254,    '+50377144789'),
(255,    '+50371007640'),
(256,    '+50373658208'),
(257,    '+50375636915'),
(258,    '+50375677098'),
(259,    '+50378380210'),
(260,    '+50377649318'),
(261,    '+50372198701'),
(262,    '+50379200193'),
(263,    '+50377065961'),
(264,    '+50372017324'),
(265,    '+50378121669'),
(266,    '+50378227089'),
(267,    '+50375769462'),
(268,    '+50371242083'),
(269,    '+50372694668'),
(270,    '+50373511180'),
(271,    '+50378340470'),
(272,    '+50378858855'),
(273,    '+50371276639'),
(274,    '+50371445787'),
(275,    '+50378591055'),
(276,    '+50372339124'),
(277,    '+50378912665'),
(278,    '+50375427159'),
(279,    '+50378578311'),
(280,    '+50377244236'),
(281,    '+50375783065'),
(282,    '+50372737611'),
(283,    '+50378887743'),
(284,    '+50373791302'),
(285,    '+50373316018'),
(286,    '+50373421984'),
(287,    '+50377888655'),
(288,    '+50378242713'),
(289,    '+50371457119'),
(290,    '+50373936927'),
(291,    '+50375491217'),
(292,    '+50375229554'),
(293,    '+50375837338'),
(294,    '+50373209537'),
(295,    '+50373525016'),
(296,    '+50376945533'),
(297,    '+50374996750'),
(298,    '+50377817210'),
(299,    '+50379077160'),
(300,    '+50375383707'),
(301,    '+50376446490'),
(302,    '+50378255703'),
(303,    '+50379314479'),
(304,    '+50374315494'),
(305,    '+50376546635'),
(306,    '+50376470825'),
(307,    '+50374543959'),
(308,    '+50378358283'),
(309,    '+50377774751'),
(310,    '+50371196814'),
(311,    '+50378135508'),
(312,    '+50373041208'),
(313,    '+50379106272'),
(314,    '+50379870271'),
(315,    '+50374158957'),
(316,    '+50374607649'),
(317,    '+50371062078'),
(318,    '+50375435762'),
(319,    '+50377683157'),
(320,    '+50377213668'),
(321,    '+50378767321'),
(322,    '+50375750618'),
(323,    '+50371339817'),
(324,    '+50372819057'),
(325,    '+50372737382'),
(326,    '+50375346543'),
(327,    '+50371055437'),
(328,    '+50376045735'),
(329,    '+50378083230'),
(330,    '+50374011595'),
(331,    '+50378740041'),
(332,    '+50372176021'),
(333,    '+50375398935'),
(334,    '+50376871225'),
(335,    '+50378920050'),
(336,    '+50375752926'),
(337,    '+50379151861'),
(338,    '+50379350064'),
(339,    '+50372028955'),
(340,    '+50377099960'),
(341,    '+50375013540'),
(342,    '+50378306236'),
(343,    '+50372695458'),
(344,    '+50378813347'),
(345,    '+50378342200'),
(346,    '+50378956231'),
(347,    '+50373230530'),
(348,    '+50379711403'),
(349,    '+50379283325'),
(350,    '+50377906536'),
(351,    '+50377739093'),
(352,    '+50375304774'),
(353,    '+50375890892'),
(354,    '+50378611643'),
(355,    '+50379821529'),
(356,    '+50371061795'),
(357,    '+50377353201'),
(358,    '+50375362142'),
(359,    '+50377524812'),
(360,    '+50372232101'),
(361,    '+50379459960'),
(362,    '+50371409027'),
(363,    '+50378573975'),
(364,    '+50374225740'),
(365,    '+50377478680'),
(366,    '+50375249134'),
(367,    '+50372087388'),
(368,    '+50373526120'),
(369,    '+50374360492'),
(370,    '+50373599164'),
(371,    '+50378861447'),
(372,    '+50377648101'),
(373,    '+50378589096'),
(374,    '+50377881202'),
(375,    '+50376736205'),
(376,    '+50372071731'),
(377,    '+50379660611'),
(378,    '+50371547688'),
(379,    '+50371617242'),
(380,    '+50373625575'),
(381,    '+50374888106'),
(382,    '+50375928649'),
(383,    '+50377829991'),
(384,    '+50376966318'),
(385,    '+50373721078'),
(386,    '+50372385034'),
(387,    '+50378540893'),
(388,    '+50372790336'),
(389,    '+50377515101'),
(390,    '+50372826391'),
(391,    '+50374119742'),
(392,    '+50373535582'),
(393,    '+50378513037'),
(394,    '+50374672050'),
(395,    '+50371849724'),
(396,    '+50375575571'),
(397,    '+50378832472'),
(398,    '+50377810279'),
(399,    '+50379137905'),
(400,    '+50374201491'),
(401,    '+50375028042'),
(402,    '+50371204503'),
(403,    '+50379451510'),
(404,    '+50372037214'),
(405,    '+50373422022'),
(406,    '+50376336793'),
(407,    '+50372764749'),
(408,    '+50379947988'),
(409,    '+50371817480'),
(410,    '+50376861323'),
(411,    '+50377591462'),
(412,    '+50371722090'),
(413,    '+50377028183'),
(414,    '+50377069894'),
(415,    '+50373016156'),
(416,    '+50373800329'),
(417,    '+50374153000'),
(418,    '+50374758408'),
(419,    '+50378699993'),
(420,    '+50377239333'),
(421,    '+50374558310'),
(422,    '+50377058460'),
(423,    '+50371231366'),
(424,    '+50379656991'),
(425,    '+50371848787'),
(426,    '+50379149357'),
(427,    '+50371507246'),
(428,    '+50379766383'),
(429,    '+50371094810'),
(430,    '+50378704453'),
(431,    '+50371006706'),
(432,    '+50375127725'),
(433,    '+50379327709'),
(434,    '+50376341261'),
(435,    '+50379198606'),
(436,    '+50377952846'),
(437,    '+50379147197'),
(438,    '+50375147287'),
(439,    '+50378852782'),
(440,    '+50373990684'),
(441,    '+50373657533'),
(442,    '+50376287955'),
(443,    '+50375429083'),
(444,    '+50371844737'),
(445,    '+50373221201'),
(446,    '+50373771782'),
(447,    '+50377836839'),
(448,    '+50373599769'),
(449,    '+50378875455'),
(450,    '+50377539393'),
(451,    '+50372144412'),
(452,    '+50374075529'),
(453,    '+50375904296'),
(454,    '+50377241762'),
(455,    '+50373424330'),
(456,    '+50374941328'),
(457,    '+50374019715'),
(458,    '+50376211639'),
(459,    '+50371793121'),
(460,    '+50374010532'),
(461,    '+50376863687'),
(462,    '+50374788442'),
(463,    '+50372742616'),
(464,    '+50373004645'),
(465,    '+50371030561'),
(466,    '+50378789587'),
(467,    '+50372310951'),
(468,    '+50376240984'),
(469,    '+50376335589'),
(470,    '+50371876352'),
(471,    '+50376653470'),
(472,    '+50379500826'),
(473,    '+50372767455'),
(474,    '+50378454622'),
(475,    '+50375751188'),
(476,    '+50378608763'),
(477,    '+50376498520'),
(478,    '+50371217986'),
(479,    '+50371365959'),
(480,    '+50373965842'),
(481,    '+50375377054'),
(482,    '+50374631909'),
(483,    '+50372251761'),
(484,    '+50374095570'),
(485,    '+50379515539'),
(486,    '+50376264364'),
(487,    '+50374888249'),
(488,    '+50376729272'),
(489,    '+50375259477'),
(490,    '+50373752946'),
(491,    '+50373976116'),
(492,    '+50376898457'),
(493,    '+50372037938'),
(494,    '+50376784173'),
(495,    '+50377832299'),
(496,    '+50374075756'),
(497,    '+50372788775'),
(498,    '+50373111222'),
(499,    '+50373023147'),
(500,    '+50376181895');



INSERT INTO USUARIO(id,nombre,email,foto,cod_qr,direccion,institucion,ocupacion,id_rol_usuario,id_telefono,password_user) VALUES
    (1, 'Miguel Alejandro Navarro' , 'AleNavarro12@bandesal.gob.sv', 0xe324f0b249, 0x2b3c903a39, '87 Ave. Sur, No. 13, Colonia Escalón',                          'Banco de Desarrollo de la República de El Salvador', 'Director de planificación y desarrollo institucional',               2, 3, HASHBYTES('SHA2_256','PASSWORD')),
	(2, 'Daniela Michelle Torres'  , 'MichelleTorres@hotmail.com'  , 0xd3b0ea90e2, 0x9d3718d217, 'Avenida Monseñor Romero y Final Calle 5 de Noviembre, No. 117', 'Fondo social para la vivienda'                     , 'Analista en gestión ambiental',                                      1, 6, HASHBYTES('SHA2_256','PASSWORD')),
	(3, 'Martín Elías Acosta'      , 'Martin@isss.gob.sv'          , 0xec891e49a3, 0xbcbd383ffa, 'Alameda Juan Pablo II y 39 Avenida Norte, No.23',               'Instituto Salvadoreño del Seguro Social'           , 'Subdirector General del ISSS',                                       1, 5, HASHBYTES('SHA2_256','PASSWORD')),
	(4, 'Valeria Alexandra Escobar', 'Valeria-Escobar@ujmd.edu.sv' , 0xa896ef90b5, 0xe87e91ad41, '81 Avenida Norte, entre 7a y 9a Calle Poniente #162',           'Universidad Dr. José Matías Delgado'               , 'Directora de la Facultad de Cultura General “Francisco Gavidia”',    2, 7, HASHBYTES('SHA2_256','PASSWORD')),
	(5, 'Adriana Carolina Martinez', 'AdrianaMa2018@fonaes.gob.sv' , 0x82164d6a19, 0xc615c67f55, 'Calle La Reforma, Casa #230, Colonia San Benito',               'Fondo Ambiental de El Salvador'                    , 'Técnica de prensa y redacción',                                      2, 1, HASHBYTES('SHA2_256','PASSWORD')),
	(6, 'Carlos Gustavo Sánchez'   , 'Carlos.gustavo1@gmail.com'   , 0x67b0a8b231, 0xcbdefdf2d8, '99 Avenida Norte y final 9a Calle Poniente Bis # 624',          'Consejo Salvadoreño de la Agroindustria Azucarera' , 'Técnico Agroindustrial',                                             2, 10, HASHBYTES('SHA2_256','PASSWORD')),
	(7, 'Adyni Arleht Pocasangre'  , 'AdyniPocasangre@hotmail.com' , 0xa14dc953e7, 0x67c79042ea, 'Boulevard del Hipódromo No. 444, Colonia San Benito',           'Superintendencia del Sistema Financiero'           , 'Coordinador del Departamento de Supervisión de Bancos Cooperativos', 1, 2, HASHBYTES('SHA2_256','PASSWORD')),
	(8, 'Carlos Eduardo Grande'    , 'Carlos.Grande@hotmail.com'   , 0x5fe7b81037, 0x1a3f8b3fd9, 'Boulevard Sergio Vieira de Mello No. 243, San Francisco',       'Consejo Superior de Salud Pública'                 , 'Coordinador de Gestión Documental y Archivo',                        2, 4, HASHBYTES('SHA2_256','PASSWORD')),
	(9, 'Iris Yanet Aguilar'       , 'Iris.yanet@seguridad.gob.sv' , 0x3c74e27a95, 0x8607165eee, 'Bulevar Tutunichapa, Casa N° 510',                              'Dirección General de Centros Penales'              , 'Directora del Consejo Criminológico Nacional',                       2, 8, HASHBYTES('SHA2_256','PASSWORD')),
	(10, 'José Luis Menjívar'      , 'Jose.Menjivar@gmail.com'     , 0x33b116c164, 0x6e80981b8e, 'Calle El Mirador, entre 87 y 89 Av. Norte, No.12',              'Registro Nacional de las Personas Naturales'       , 'Asesor jurídico',                                                    2, 9, HASHBYTES('SHA2_256','PASSWORD'));

INSERT INTO USUARIO (id, id_rol_usuario, id_telefono, nombre, email, password_user, direccion, institucion, ocupacion, foto, cod_qr) VALUES
    (11,    2,  142,	    'Astra Vineall',    	'avinealla@ucoz.ru',            	'Qb7GmvD',  	'19 Heffernan Crossing',        'Yost-Kling',   	                'Director of Sales'         ,   0xe324f0b249    ,   0x2b3c903a39    ),
    (12,    2,  205,	    'Shane Benediktovich',	'sbenediktovichb@theguardian.com',	'xpe0i4h4',	    '94404 Ronald Regan Street',    'Hills-Ryan',                   	'Nuclear Power Engineer'    ,   0xd3b0ea90e2    ,   0x9d3718d217    ),
    (13,    2,  177,	    'Selena Rusted',    	'srustedc@ehow.com',            	'dWSjM6BvoRW',	'81 8th Alley',	                'McKenzie, Gerhold and Hagenes',	'Assistant Professor'       ,   0xec891e49a3    ,   0xbcbd383ffa    ),
    (14,    2,  460,	    'Bethany Niess',    	'bniessd@ehow.com',             	'nQzvcGPfBMl',	'09 Ohio Court',        	    'Hane Group',               	    'Pharmacist'                ,   0xa896ef90b5    ,   0xe87e91ad41    ),
    (15,    2,  116,	    'Tracey Kahler',    	'tkahlere@cisco.com',           	'ZuQuVL',	    '58 Raven Plaza',	            'Gutmann and Sons',         	    'Recruiter'                 ,   0x82164d6a19    ,   0xc615c67f55    ),
    (16,    2,  261,	    'Arabela Emmert',   	'aemmertf@typepad.com',         	'yr9Zx5h',	    '5 4th Avenue',	                'Lynch, Franecki and Cormier',	    'Assistant Manager'         ,   0x67b0a8b231    ,   0xcbdefdf2d8    ),
    (17,    2,  29,	        'Gradey Targe',     	'gtargeg@wix.com',              	'VDPuSv',   	'57726 Forest Dale Terrace',	'Morar Group',	                    'Help Desk Operator'        ,   0xa14dc953e7    ,   0x67c79042ea    ),
    (18,    2,  299,	    'Olivie Baston',    	'obastonh@spotify.com',         	'F8rGXMl',  	'01 Stuart Road',	            'Mitchell, Conn and Abernathy',	    'Computer Systems Analyst I',   0x5fe7b81037    ,   0x1a3f8b3fd9    ),
    (19,    2,  379,	    'Huntlee Lyal',     	'hlyali@kickstarter.com',       	'ibfR7v',   	'8 Shopko Point',	            'Rice, Murray and Rath',	        'Associate Professor'       ,   0x3c74e27a95    ,   0x8607165eee    ),
    (20,    2,  20,	        'Olwen Ivanishin',  	'oivanishinj@furl.net',         	'S9OkJp',   	'69 Jana Trail',	            'Runolfsson, Harris and Turcotte',	'Civil Engineer'            ,   0x33b116c164    ,   0x6e80981b8e    ),
    (21,    2,  76,	        'Allistir Vanichev',    'avanichevk@mozilla.org',       	'PJRIaH',   	'2 Eagan Drive',	            'Schumm-Hirthe',	                'Research Associate'        ,   0xa14dc953e7    ,   0x67c79042ea    ),
    (22,    2,  452,	    'Lucille Lamberto', 	'llambertol@omniture.com',      	'fO0b1d',   	'1 Anniversary Circle',     	'Wilkinson, Considine and Witting',	'Senior Developer'          ,   0x5fe7b81037    ,   0x1a3f8b3fd9    ),
    (23,    2,  277,	    'Jimmy Fayerman',   	'jfayermanm@phpbb.com',         	'Ki90wkFEvj0p',	'0416 Oriole Park',         	'Hartmann Group',	                'Senior Cost Accountant'    ,   0x3c74e27a95    ,   0x8607165eee    ),
    (24,    2,  21,	        'Kelila Gibbie',    	'kgibbien@rakuten.co.jp',    	    '0gFD74MZbNZn',	'0 Gulseth Parkway',	        'Bergstrom-Cronin', 	            'Staff Scientist'           ,   0x33b116c164    ,   0x6e80981b8e    );

INSERT INTO USUARIO (id, id_rol_usuario, id_telefono, foto, cod_qr, nombre, email, password_user, direccion, institucion, ocupacion) VALUES
(25,    2,  14,     0xE324F0B249,   0x2B3C903A39,   'Weber Fayne', 'wfayneo@statcounter.com', 'IOLeHppX', '74144 Vermont Hill', 'Becker Inc', 'Nuclear Power Engineer'),
(26,    2,  426,    0xD3B0EA90E2,   0x9D3718D217,   'Selie Robyns', 'srobynsp@seesaa.net', '9y4kC8lIp', '2663 Pine View Alley', 'Kautzer-Schumm', 'VP Sales'),
(27,    2,  64,     0xEC891E49A3,   0xBCBD383FFA,   'Ofilia Mumford', 'omumfordq@angelfire.com', 'kdZKQIlUG46o', '9841 Center Alley', 'Howe-Mann', 'Programmer IV'),
(28,    2,  441,    0xA896EF90B5,   0xE87E91AD41,   'Hynda Rowaszkiewicz', 'hrowaszkiewiczr@engadget.com', 'Cxarpp', '72671 Judy Drive', 'Hermann, Bashirian and Schumm', 'Account Representative I'),
(29,    2,  230,    0x82164D6A19,   0xC615C67F55,   'Gilburt McKellar', 'gmckellars@europa.eu', 'bcJOyZHGfSFw', '45 Oak Road', 'Pollich-Wehner', 'Mechanical Systems Engineer'),
(30,    2,  362,    0x67B0A8B231,   0xCBDEFDF2D8,   'Naoma Bewly', 'nbewlyt@techcrunch.com', '8p90ojncrbUj', '99147 Straubel Crossing', 'Goodwin, Simonis and Pouros', 'Junior Executive'),
(31,    2,  434,    0xA14DC953E7,   0x67C79042EA,   'Sheridan Russe', 'srusseu@discovery.com', 'i2NtyP', '6 Monica Drive', 'Balistreri-Schmidt', 'General Manager'),
(32,    2,  318,    0x5FE7B81037,   0x1A3F8B3FD9,   'Teddy Canada', 'tcanadav@amazon.de', '52x1uDFfZ', '2 Corry Lane', 'Schmitt-Murphy', 'Accounting Assistant III'),
(33,    1,  365,    0x3C74E27A95,   0x8607165EEE,   'Nikolas de Broke', 'ndew@businesswire.com', 'Gd5q1p', '45 Canary Crossing', 'Emmerich-Williamson', 'Chemical Engineer'),
(34,    1,  156,    0x33B116C164,   0x6E80981B8E,   'Lind Westbury', 'lwestburyx@qq.com', 'z4BjYyu', '57747 Quincy Road', 'Murray-Brakus', 'Software Engineer I'),
(35,    1,  184,    0xA14DC953E7,   0x67C79042EA,   'Doralyn Mieville', 'dmievilley@addtoany.com', '3kGjKPLbzX', '39 Dahle Parkway', 'Jakubowski, Grady and Klein', 'Environmental Specialist'),
(36,    1,  360,    0x5FE7B81037,   0x1A3F8B3FD9,   'Everard Yukhnev', 'eyukhnevz@ebay.co.uk', 'dt1EwcpYm3', '12 Michigan Point', 'Schinner, Beahan and Lang', 'Accountant II'),
(37,    1,  331,    0x3C74E27A95,   0x8607165EEE,   'Fitzgerald Esslement', 'fesslement10@chron.com', '1EBSXesj40a', '5 Vahlen Road', 'Schaden, Schinner and Rohan', 'Cost Accountant'),
(38,    1,  420,    0x33B116C164,   0x6E80981B8E,   'Mick Ottosen', 'mottosen11@eventbrite.com', 'Ksn9H0', '7339 Alpine Avenue', 'Wuckert Group', 'Senior Developer'),
(39,    1,  321,    0xE324F0B250,   0x2B3C903A40,   'Willie Yarnton', 'wyarnton12@rambler.ru', 'Z1FMdV', '7082 Mcbride Street', 'Harber-Raynor', 'Programmer IV'),
(40,    1,  71,     0xD3B0EA90E3,   0x9D3718D218,   'Brenden Dillimore', 'bdillimore13@dailymail.co.uk', 'd9JrSsQo5H', '61 Marquette Pass', 'Leffler-Considine', 'Civil Engineer'),
(41,    1,  287,    0xEC891E49A4,   0xBCBD383FFA,   'Eugenia Mulligan', 'emulligan14@wired.com', 'iXLfIuc0B2', '9426 Laurel Park', 'Homenick and Sons', 'Account Executive'),
(42,    1,  124,    0xA896EF90B6,   0xE87E91AD42,   'Angeline Juden', 'ajuden15@wsj.com', 'uDiHuh', '887 Pearson Plaza', 'Trantow-Hauck', 'Tax Accountant'),
(43,    1,  36,     0x82164D6A20,   0xC615C67F56,   'Charlton Braunthal', 'cbraunthal16@phpbb.com', 'eu0qPp', '22151 Dahle Hill', 'Mraz, Shanahan and Ernser', 'Civil Engineer'),
(44,    1,  148,    0x67B0A8B232,   0xCBDEFDF2D9,   'Lark Kilborn', 'lkilborn17@admin.ch', 'S7oFTwvu', '27 Fuller Parkway', 'Upton LLC', 'Assistant Professor'),
(45,    1,  273,    0xA14DC953E8,   0x67C79042EA,   'Thebault Warin', 'twarin18@ft.com', 'LZCQZUNbHFG', '48437 Northwestern Avenue', 'Bergstrom Inc', 'Editor'),
(46,    1,  91,     0x5FE7B81038,   0x1A3F8B3FD1,   'Crystal Sorbie', 'csorbie19@1und1.de', 'lYWOyX7yH2m', '5258 Bay Terrace', 'Johns and Sons', 'Professor'),
(47,    1,  228,    0x3C74E27A96,   0x8607165EEE,   'Karole Kalinovich', 'kkalinovich1a@census.gov', 'uBfnMTXxx', '91 Pawling Lane', 'Jerde, Kunde and Anderson', 'Legal Assistant'),
(48,    1,  412,    0x33B116C165,   0x6E80981B8E,   'Jenda Peatt', 'jpeatt1b@pbs.org', '2XhHWAP', '79 Algoma Street', 'Jakubowski-Grimes', 'Media Manager II'),
(49,    1,  457,    0xA14DC953E8,   0x67C79042EA,   'Stormy Kohrding', 'skohrding1c@bloglovin.com', 'UeYGOuIX', '5 Pine View Terrace', 'Braun LLC', 'Marketing Manager'),
(50,    1,  211,    0x5FE7B81038,   0x1A3F8B3FD1,   'Ruben Chapling', 'rchapling1d@youku.com', 'xVF5gTQP', '99961 Village Point', 'Yost Group', 'Electrical Engineer'),
(51,    1,  480,    0x3C74E27A96,   0x8607165EEE,   'Maury McRae', 'mmcrae1e@artisteer.com', 'o6OdKQ5h', '446 Lawn Hill', 'Rosenbaum and Sons', 'Computer Systems Analyst III'),
(52,    1,  63,     0x33B116C165,   0x6E80981B8E,   'Maridel Leades', 'mleades1f@google.es', 'PymNndboHat', '25718 Express Junction', 'Satterfield and Sons', 'Geological Engineer'),
(53,    1,  278,    0xE324F0B251,   0x2B3C903A41,   'Trescha Brattell', 'tbrattell1g@ocn.ne.jp', 'CeuOyy', '378 Schiller Point', 'Murray-Mills', 'Quality Engineer'),
(54,    1,  293,    0xD3B0EA90E4,   0x9D3718D219,   'Hedi Clell', 'hclell1h@go.com', 'McB6wyy', '425 Nevada Circle', 'Wilderman Group', 'Research Associate'),
(55,    1,  232,    0xEC891E49A5,   0xBCBD383FFA,   'Flora Rosten', 'frosten1i@over-blog.com', 'lgFkqvx', '0 Laurel Terrace', 'Ortiz and Sons', 'Administrative Assistant II'),
(56,    1,  216,    0xA896EF90B7,   0xE87E91AD43,   'Perri Southwell', 'psouthwell1j@hao123.com', '2D2cCnrw', '2 Erie Center', 'Waters Inc', 'Nuclear Power Engineer'),
(57,    1,  258,    0x82164D6A21,   0xC615C67F57,   'Venus Wake', 'vwake1k@home.pl', 'oKW2Ip0neJs', '70514 Golf View Crossing', 'Hansen, Medhurst and Hills', 'Speech Pathologist'),
(58,    1,  408,    0x67B0A8B233,   0xCBDEFDF2D1,   'Gerry Thacke', 'gthacke1l@dailymail.co.uk', 'i412zE3', '22 Anhalt Road', 'Mueller LLC', 'Registered Nurse'),
(59,    1,  350,    0xA14DC953E9,   0x67C79042EA,   'Amalle Guilfoyle', 'aguilfoyle1m@harvard.edu', '7tsW1UyXNg', '72641 Village Terrace', 'Lemke-Ward', 'Junior Executive'),
(60,    1,  183,    0x5FE7B81039,   0x1A3F8B3FD1,   'Emmanuel Moryson', 'emoryson1n@instagram.com', 'qN2OXqLtbMZp', '3 Bunker Hill Avenue', 'Turner-Braun', 'Senior Quality Engineer'),
(61,    1,  401,    0x3C74E27A97,   0x8607165EEE,   'Baudoin Bertlin', 'bbertlin1o@google.com.au', 'RT3WFcxDNY2H', '02384 Claremont Center', 'Willms-Ferry', 'Junior Executive'),
(62,    1,  237,    0x33B116C166,   0x6E80981B8E,   'Nessy Slatten', 'nslatten1p@multiply.com', 'FpnezUt9i7', '81290 Corscot Park', 'Wilderman-Mante', 'Senior Quality Engineer'),
(63,    1,  224,    0xA14DC953E9,   0x67C79042EA,   'Aeriel Gillmor', 'agillmor1q@slate.com', 'Fz4Tyr7zRr', '71253 Duke Junction', 'Lubowitz Group', 'Environmental Tech'),
(64,    1,  168,    0x5FE7B81039,   0x1A3F8B3FD1,   'Orsola Jamblin', 'ojamblin1r@wikispaces.com', '4NAYkHq6', '318 Spohn Center', 'Wolf-Breitenberg', 'Teacher'),
(65,    1,  182,    0x3C74E27A97,   0x8607165EEE,   'Tobias Livingstone', 'tlivingstone1s@instagram.com', 'ppOLhf', '50219 Arrowood Crossing', 'Rogahn LLC', 'Help Desk Operator'),
(66,    1,  188,    0x33B116C166,   0x6E80981B8E,   'Mord Lawey', 'mlawey1t@canalblog.com', 'KvEk7aj', '5036 Northland Court', 'Prosacco, Robel and Rogahn', 'Structural Analysis Engineer'),
(67,    1,  428,    0xE324F0B252,   0x2B3C903A42,   'Muriel Troucher', 'mtroucher1u@about.com', 'PG8hEwZ', '46085 Redwing Way', 'Kreiger Inc', 'Executive Secretary'),
(68,    1,  382,    0xD3B0EA90E5,   0x9D3718D220,   'Jarrett Zecchini', 'jzecchini1v@pagesperso-orange.fr', 't9yckXqIo', '18 Granby Parkway', 'Stark, Larson and Oberbrunner', 'Compensation Analyst'),
(69,    1,  488,    0xEC891E49A6,   0xBCBD383FFA,   'Max Doyle', 'mdoyle1w@goo.gl', 'vxRCiA8a3TQK', '774 Sunfield Terrace', 'Greenfelder, Trantow and Strosin', 'Account Coordinator'),
(70,    1,  225,    0xA896EF90B8,   0xE87E91AD44,   'Bertram Watsham', 'bwatsham1x@woothemes.com', 'duVLDE4gp8l', '2136 Eagle Crest Avenue', 'Hudson-Mitchell', 'Marketing Manager'),
(71,    1,  497,    0x82164D6A22,   0xC615C67F58,   'Lyman Coleshill', 'lcoleshill1y@squarespace.com', '8TtmsD0Wg12H', '658 Barnett Street', 'Kilback-Bashirian', 'Budget/Accounting Analyst III'),
(72,    1,  443,    0x67B0A8B234,   0xCBDEFDF2D1,   'Thekla Buard', 'tbuard1z@furl.net', 'PANVO47r', '210 Portage Point', 'Hettinger-Witting', 'Biostatistician IV'),
(73,    1,  317,    0xA14DC953E1,   0x67C79042EA,   'Vere Russell', 'vrussell20@youtube.com', 'viLfqDlD3V', '00 Del Sol Park', 'Kshlerin LLC', 'Account Executive'),
(74,    1,  346,    0x5FE7B81040,   0x1A3F8B3FD1,   'Cleavland Blamey', 'cblamey21@drupal.org', 'Cr1ARXnFel', '889 Village Green Avenue', 'Rohan Inc', 'Geologist IV'),
(75,    1,  400,    0x3C74E27A98,   0x8607165EEE,   'Dode Meineck', 'dmeineck22@amazon.co.jp', 'RHwlqa8KNF', '9523 Tony Junction', 'Terry-Nolan', 'Associate Professor'),
(76,    1,  117,    0x33B116C167,   0x6E80981B8E,   'Vikky Scotford', 'vscotford23@redcross.org', 'FRWSPs4Ob1i', '0496 Amoth Hill', 'Mitchell, Wolff and Runolfsson', 'Nurse'),
(77,    1,  404,    0xA14DC953E1,   0x67C79042EA,   'Red Beamish', 'rbeamish24@whitehouse.gov', '9lRdLQ', '414 6th Pass', 'Stamm-Waelchi', 'VP Quality Control'),
(78,    1,  406,    0x5FE7B81040,   0x1A3F8B3FD1,   'Veriee Welberry', 'vwelberry25@blogtalkradio.com', 'wBC90YMe', '46472 Eagle Crest Pass', 'Padberg-Christiansen', 'Chemical Engineer'),
(79,    1,  73,     0x3C74E27A98,   0x8607165EEE,   'Hortensia Lawton', 'hlawton26@sakura.ne.jp', 't3ceX9', '3 Elka Trail', 'Gaylord Inc', 'Operator'),
(80,    1,  251,    0x33B116C167,   0x6E80981B8E,   'Jasmina Tyt', 'jtyt27@storify.com', 'umgUy5EA1E4r', '041 Esker Hill', 'Kohler-Krajcik', 'Analog Circuit Design manager'),
(81,    1,  43,     0xE324F0B253,   0x2B3C903A43,   'Kirsti Krelle', 'kkrelle28@networkadvertising.org', '3egrbmrhLKhc', '7 Hanson Way', 'Robel Group', 'Environmental Tech'),
(82,    1,  69,     0xD3B0EA90E6,   0x9D3718D221,   'Aline Headey', 'aheadey29@cafepress.com', 'gc4LO8NyC80t', '34 Alpine Pass', 'Kris Group', 'Recruiter'),
(83,    1,  143,    0xEC891E49A7,   0xBCBD383FFA,   'Minerva Borkin', 'mborkin2a@networksolutions.com', '5wBchW', '9 Londonderry Court', 'Schiller-Kris', 'Financial Analyst'),
(84,    1,  75,     0xA896EF90B9,   0xE87E91AD45,   'Dionysus Zink', 'dzink2b@comsenz.com', 'SDKw7O', '03 Saint Paul Trail', 'Erdman Inc', 'Database Administrator III'),
(85,    1,  144,    0x82164D6A23,   0xC615C67F59,   'Ame Bruyntjes', 'abruyntjes2c@timesonline.co.uk', 'IxC88r', '6 Delladonna Park', 'Glover-Marks', 'Database Administrator I'),
(86,    1,  396,    0x67B0A8B235,   0xCBDEFDF2D1,   'Berk Kettles', 'bkettles2d@seesaa.net', 'dxpQOhCrIF', '8 Mandrake Parkway', 'Gerhold-Armstrong', 'Financial Advisor'),
(87,    1,  301,    0xA14DC953E1,   0x67C79042EA,   'Marjy Beachamp', 'mbeachamp2e@businessweek.com', 'msV6e3YQy0VO', '28373 Reinke Plaza', 'McCullough-Schmitt', 'Mechanical Systems Engineer'),
(88,    1,  295,    0x5FE7B81041,   0x1A3F8B3FD1,   'Rosanne Bangham', 'rbangham2f@reverbnation.com', 'pCQCKw3lq', '61 Mayfield Lane', 'Shanahan LLC', 'Environmental Specialist'),
(89,    1,  104,    0x3C74E27A99,   0x8607165EEE,   'Freddy Casford', 'fcasford2g@lulu.com', 'DylePkt2JD', '83 Mcguire Place', 'Aufderhar, Kunde and Thiel', 'Accountant II'),
(90,    1,  92,     0x33B116C168,   0x6E80981B8E,   'Morganne Schoenfisch', 'mschoenfisch2h@cbslocal.com', 'cDLbDYJ7xfj', '96 Debs Street', 'Shanahan, Robel and Padberg', 'Staff Scientist'),
(91,    1,  239,    0xA14DC953E1,   0x67C79042EA,   'Andres Paffot', 'apaffot2i@eepurl.com', 'IzraVhp', '0 Pleasure Circle', 'Hauck, Satterfield and Trantow', 'Graphic Designer'),
(92,    1,  161,    0x5FE7B81041,   0x1A3F8B3FD1,   'Tisha Cranston', 'tcranston2j@hao123.com', 'yKQ5VTev', '01 Rigney Parkway', 'Pagac, Rippin and Stamm', 'Environmental Tech'),
(93,    1,  364,    0x3C74E27A99,   0x8607165EEE,   'Irwinn Andrioletti', 'iandrioletti2k@quantcast.com', 'mQTn4b', '403 Clarendon Circle', 'Kunde LLC', 'Actuary'),
(94,    1,  97,     0x33B116C168,   0x6E80981B8E,   'Lanny Orgen', 'lorgen2l@miitbeian.gov.cn', 'SZNJx7B', '8904 Elka Street', 'Breitenberg and Sons', 'Research Nurse'),
(95,    1,  388,    0xE324F0B254,   0x2B3C903A44,   'Lucho Crowcombe', 'lcrowcombe2m@mediafire.com', 'DCDJxJ5VLxB4', '3551 Darwin Drive', 'Boyle-Cruickshank', 'Director of Sales'),
(96,    1,  128,    0xD3B0EA90E7,   0x9D3718D222,   'Hagen Scantlebury', 'hscantlebury2n@fotki.com', 'wnoSod', '1 Buena Vista Trail', 'Koepp, Metz and Bartell', 'Staff Scientist'),
(97,    1,  391,    0xEC891E49A8,   0xBCBD383FFA,   'Wittie Ochterlonie', 'wochterlonie2o@eventbrite.com', 'jQPp7hMTQ', '47 Graceland Park', 'O''Keefe, Prohaska and Schmidt', 'Teacher'),
(98,    1,  446,    0xA896EF90B1,   0xE87E91AD46,   'Lelia Oakshott', 'loakshott2p@clickbank.net', 'Uk1vsRQ', '10119 Forest Court', 'Casper, Conroy and Bergstrom', 'Assistant Media Planner'),
(99,    1,  328,    0x82164D6A24,   0xC615C67F60,   'Gal Gostling', 'ggostling2q@google.de', 'tkj9apm', '84 Talisman Terrace', 'Price and Sons', 'Senior Quality Engineer'),
(100,   1,  456,    0x67B0A8B236,   0xCBDEFDF2D1,   'Isidoro Pretious', 'ipretious2r@hostgator.com', '2vQrwaLJ0dO', '0 Quincy Trail', 'Schaden-Bogisich', 'Programmer Analyst I'),
(101,   1,  316,    0xA14DC953E1,   0x67C79042EA,   'Keene Gossage', 'kgossage2s@comsenz.com', 'M1TVUvWJKxl', '86575 Fairfield Point', 'Macejkovic, Ryan and Lockman', 'Account Representative II'),
(102,   1,  245,    0x5FE7B81042,   0x1A3F8B3FD1,   'Hillier Gisburn', 'hgisburn2t@addtoany.com', 'Ja4AIAweR', '65770 Montana Trail', 'Hessel LLC', 'Help Desk Operator'),
(103,   1,  197,    0x3C74E27A10,   0x8607165EEE,   'Rozelle Zecchi', 'rzecchi2u@imageshack.us', 'igMMuIUs', '768 Dryden Avenue', 'Ziemann, Johnston and Krajcik', 'Human Resources Manager'),
(104,   1,  493,    0x33B116C169,   0x6E80981B8E,   'Cairistiona Stokey', 'cstokey2v@bbc.co.uk', '2f4ICn', '70 Lukken Parkway', 'Mayer-Yundt', 'Research Associate'),
(105,   1,  386,    0xA14DC953E1,   0x67C79042EA,   'Marie-jeanne Swadlinge', 'mswadlinge2w@yellowpages.com', 'LJ64sJxgM92', '569 Victoria Trail', 'Waters-Willms', 'Account Executive'),
(106,   1,  424,    0x5FE7B81042,   0x1A3F8B3FD1,   'Alvis Bowcher', 'abowcher2x@google.co.jp', 'DUw8Ml46c', '7 Nobel Parkway', 'Barton, Hintz and Cronin', 'Nuclear Power Engineer'),
(107,   1,  17,     0x3C74E27A10,   0x8607165EEE,   'Gordie Issakov', 'gissakov2y@blogger.com', 'uvyTry54', '29 Oneill Circle', 'Turcotte-Miller', 'Associate Professor'),
(108,   1,  243,    0x33B116C169,   0x6E80981B8E,   'Kendall McGilben', 'kmcgilben2z@boston.com', '9Vj4Na', '76599 Ridgeview Trail', 'Gutmann-Gutkowski', 'Structural Analysis Engineer'),
(109,   1,  112,    0xE324F0B255,   0x2B3C903A45,   'Eddi Pringuer', 'epringuer30@seattletimes.com', 'cI0CPvd3', '15 Pankratz Plaza', 'Kutch Group', 'Nurse'),
(110,   1,  207,    0xD3B0EA90E8,   0x9D3718D223,   'Katheryn McAvinchey', 'kmcavinchey31@fda.gov', 'NBf11Y', '791 Victoria Place', 'Okuneva-Lind', 'Administrative Assistant III'),
(111,   1,  123,    0xEC891E49A9,   0xBCBD383FFA,   'Cilka Bellefant', 'cbellefant32@delicious.com', 'K0t8sZW', '33941 Towne Parkway', 'Greenholt Group', 'Payment Adjustment Coordinator'),
(112,   1,  329,    0xA896EF90B1,   0xE87E91AD47,   'Ailey Thorlby', 'athorlby33@infoseek.co.jp', 'Q5w8w1', '01 Upham Hill', 'Herman, Lehner and Miller', 'Food Chemist'),
(113,   1,  27,     0x82164D6A25,   0xC615C67F61,   'Feodora Burdin', 'fburdin34@bluehost.com', 'NliFlNKE', '44 Granby Lane', 'Waters, Boyer and Gaylord', 'Human Resources Manager'),
(114,   1,  310,    0x67B0A8B237,   0xCBDEFDF2D1,   'Gleda Friedenbach', 'gfriedenbach35@netvibes.com', 'sru6c6f', '118 Pond Pass', 'Frami, Koss and Osinski', 'Nuclear Power Engineer'),
(115,   1,  150,    0xA14DC953E1,   0x67C79042EA,   'Easter Burnett', 'eburnett36@gnu.org', 'tb88WDKn', '7 Pine View Alley', 'Bashirian, Cormier and Gorczany', 'Design Engineer'),
(116,   1,  322,    0x5FE7B81043,   0x1A3F8B3FD1,   'Roxine Say', 'rsay37@ebay.co.uk', 'LkqgVc', '69 Saint Paul Trail', 'Hayes-Reichel', 'Human Resources Manager'),
(117,   1,  481,    0x3C74E27A10,   0x8607165EEE,   'Louella Eason', 'leason38@amazonaws.com', 'Fi4ANUE18laz', '2033 Golden Leaf Center', 'Schimmel, Volkman and Larson', 'Analyst Programmer'),
(118,   1,  174,    0x33B116C170,   0x6E80981B8E,   'Cozmo Durrett', 'cdurrett39@dailymail.co.uk', 'KH7gNO', '741 Grover Street', 'O''Kon Inc', 'Human Resources Assistant I'),
(119,   1,  323,    0xA14DC953E1,   0x67C79042EA,   'Amalle McKeveney', 'amckeveney3a@narod.ru', 'EcQ1OynS', '90 Del Mar Drive', 'Bailey-Leuschke', 'Developer III'),
(120,   1,  363,    0x5FE7B81043,   0x1A3F8B3FD1,   'Louise Ingarfield', 'lingarfield3b@fotki.com', 'o318rG5nQ', '83 Longview Street', 'Jenkins, Weissnat and Cole', 'Office Assistant I'),
(121,   1,  334,    0x3C74E27A10,   0x8607165EEE,   'Mureil Hemeret', 'mhemeret3c@google.co.jp', 'XuD7TvzPtVAj', '46 Pine View Circle', 'Cassin, Schaden and Klein', 'Help Desk Technician'),
(122,   1,  241,    0x33B116C170,   0x6E80981B8E,   'Modestia Ryan', 'mryan3d@hexun.com', 'UOyS8e4s', '078 Forest Run Road', 'Cronin-Mueller', 'Systems Administrator IV'),
(123,   1,  66,     0xE324F0B256,   0x2B3C903A46,   'Rawley Swedeland', 'rswedeland3e@multiply.com', 'b6KxLtSlK', '3629 Bunker Hill Street', 'Gutkowski, Keeling and White', 'VP Quality Control'),
(124,   1,  454,    0xD3B0EA90E9,   0x9D3718D224,   'Daffy Knudsen', 'dknudsen3f@statcounter.com', 'hloMSPo', '661 Bayside Center', 'Brakus, Goldner and Olson', 'Staff Accountant II'),
(125,   1,  465,    0xEC891E49A1,   0xBCBD383FFA,   'Elias Faulconer', 'efaulconer3g@ftc.gov', '2w6JIP', '2 Lotheville Hill', 'Waters, Yundt and Effertz', 'Graphic Designer'),
(126,   1,  120,    0xA896EF90B1,   0xE87E91AD48,   'Reine Dabinett', 'rdabinett3h@wired.com', 'xvnSaF', '26570 Hermina Pass', 'Carter-Larson', 'Software Test Engineer IV'),
(127,   1,  199,    0x82164D6A26,   0xC615C67F62,   'Heddie Rattenberie', 'hrattenberie3i@php.net', 'kX7gdT6HM', '89178 Roxbury Drive', 'Ratke and Sons', 'Budget/Accounting Analyst III'),
(128,   1,  435,    0x67B0A8B238,   0xCBDEFDF2D1,   'Shay Attwater', 'sattwater3j@vimeo.com', 'mLsL11', '19 Cambridge Drive', 'Labadie-Howe', 'Computer Systems Analyst IV'),
(129,   1,  342,    0xA14DC953E1,   0x67C79042EA,   'Kaitlynn Chasemore', 'kchasemore3k@mozilla.com', 'ruYRP6V', '228 Blackbird Court', 'Bernier Inc', 'Food Chemist'),
(130,   1,  368,    0x5FE7B81044,   0x1A3F8B3FD1,   'Kania Riggulsford', 'kriggulsford3l@bing.com', 'BNhBWA6C', '5537 Valley Edge Avenue', 'Ward, Tremblay and Cole', 'Administrative Officer'),
(131,   1,  192,    0x3C74E27A10,   0x8607165EEE,   'Tracie Backwell', 'tbackwell3m@example.com', 'RKPiQy', '6803 Nancy Junction', 'Weimann-Vandervort', 'Physical Therapy Assistant'),
(132,   1,  468,    0x33B116C171,   0x6E80981B8E,   'Helenelizabeth Collens', 'hcollens3n@sbwire.com', 'f9Tmtx9iTV', '07014 Katie Trail', 'Watsica-Stiedemann', 'Help Desk Technician'),
(133,   1,  370,    0xA14DC953E1,   0x67C79042EA,   'Cheryl Grass', 'cgrass3o@mlb.com', '2GxfUdFXNvEF', '4097 Oriole Street', 'Johns-Luettgen', 'Librarian'),
(134,   1,  160,    0x5FE7B81044,   0x1A3F8B3FD1,   'Derrik Adacot', 'dadacot3p@blogger.com', 'WwMVSQHTyi', '8 Sunbrook Circle', 'Carroll, Borer and Zboncak', 'Budget/Accounting Analyst III'),
(135,   1,  305,    0x3C74E27A10,   0x8607165EEE,   'Colline Charlton', 'ccharlton3q@hp.com', 'R65fvMxQlSN', '1184 Luster Road', 'Bechtelar, Pacocha and Littel', 'Analyst Programmer'),
(136,   1,  204,    0x33B116C171,   0x6E80981B8E,   'Mavis Erat', 'merat3r@dyndns.org', 'E7IpUiy', '9069 Ramsey Point', 'Will, Mills and Volkman', 'Teacher'),
(137,   1,  398,    0xE324F0B257,   0x2B3C903A47,   'Boyce Arnell', 'barnell3s@pagesperso-orange.fr', 'd0N17C7Xav57', '7 Paget Alley', 'Kshlerin Group', 'Help Desk Operator'),
(138,   1,  61,     0xD3B0EA90E1,   0x9D3718D225,   'Tawnya Assad', 'tassad3t@foxnews.com', 'he2B9t', '334 Harper Alley', 'Spinka Inc', 'Dental Hygienist'),
(139,   1,  437,    0xEC891E49A1,   0xBCBD383FFA,   'Michal Rustman', 'mrustman3u@csmonitor.com', '9lK6IrLZb3Id', '67727 Petterle Crossing', 'Rempel-Schimmel', 'General Manager'),
(140,   1,  46,     0xA896EF90B1,   0xE87E91AD49,   'Karalee Kaiser', 'kkaiser3v@examiner.com', 'MECuDP0bwo', '429 Claremont Plaza', 'Lang Group', 'Analyst Programmer'),
(141,   1,  153,    0x82164D6A27,   0xC615C67F63,   'Corene Garforth', 'cgarforth3w@cmu.edu', 'GmsnDa', '6 4th Pass', 'Moore, Rutherford and Erdman', 'Analog Circuit Design manager'),
(142,   1,  175,    0x67B0A8B239,   0xCBDEFDF2D1,   'Candida Scarsbrick', 'cscarsbrick3x@dedecms.com', 'i75wRrM', '14 Artisan Street', 'Kohler, Stroman and Haag', 'Product Engineer'),
(143,   1,  235,    0xA14DC953E1,   0x67C79042EA,   'Freddie Baseggio', 'fbaseggio3y@nih.gov', 'z1HKwoI6mkj', '32 Victoria Court', 'Wilderman-O''Conner', 'Food Chemist'),
(144,   1,  90,     0x5FE7B81045,   0x1A3F8B3FD1,   'Raquel Gentry', 'rgentry3z@indiatimes.com', 'MkRfqnya2cE', '857 Northview Center', 'Schuppe Group', 'Speech Pathologist'),
(145,   1,  68,     0x3C74E27A10,   0x8607165EEE,   'Renie Bispham', 'rbispham40@jiathis.com', '0giWkqG7A', '624 Pawling Drive', 'Grimes-Stokes', 'Programmer II'),
(146,   1,  436,    0x33B116C172,   0x6E80981B8E,   'Ellie Lydiate', 'elydiate41@hhs.gov', 'x56YUjIlPR', '35 Valley Edge Parkway', 'Hodkiewicz-Rau', 'Geological Engineer'),
(147,   1,  220,    0xA14DC953E1,   0x67C79042EA,   'Karlis Rosengart', 'krosengart42@cdbaby.com', 'D1dkMMuopX9', '716 Merchant Junction', 'Runte-Mills', 'Account Coordinator'),
(148,   1,  221,    0x5FE7B81045,   0x1A3F8B3FD1,   'Lurline Kliemke', 'lkliemke43@networkadvertising.org', 'RcOdLrBAB', '88 Mandrake Drive', 'Lehner-Reilly', 'Design Engineer'),
(149,   1,  181,    0x3C74E27A10,   0x8607165EEE,   'Ody Cosin', 'ocosin44@ning.com', 'I5MqGm', '205 Browning Drive', 'O''Connell, Wehner and Sanford', 'Registered Nurse'),
(150,   1,  467,    0x33B116C172,   0x6E80981B8E,   'Zonnya Brunn', 'zbrunn45@theglobeandmail.com', 'Y9paXzg7xuu', '50515 Mendota Way', 'Thiel-Kunze', 'Senior Quality Engineer'),
(151,   1,  126,    0xE324F0B258,   0x2B3C903A48,   'Amalee Wardell', 'awardell46@washingtonpost.com', 'AXqxMv9CMZ', '656 Cambridge Circle', 'Huel-Russel', 'Tax Accountant'),
(152,   1,  87,     0xD3B0EA90E1,   0x9D3718D226,   'Vanya McCumskay', 'vmccumskay47@wufoo.com', 'PawjoAr', '49363 Cascade Road', 'Stamm LLC', 'Software Test Engineer III'),
(153,   1,  395,    0xEC891E49A1,   0xBCBD383FFA,   'Roi Clatworthy', 'rclatworthy48@creativecommons.org', '8IbgqzfE3', '059 Kings Street', 'Daniel-Wisoky', 'Quality Control Specialist'),
(154,   1,  444,    0xA896EF90B1,   0xE87E91AD50,   'Wald Hriinchenko', 'whriinchenko49@wordpress.org', '2T7XZVFYakH2', '42 Erie Point', 'Anderson-Schneider', 'Mechanical Systems Engineer'),
(155,   1,  119,    0x82164D6A28,   0xC615C67F64,   'Alfy De Anesy', 'ade4a@sbwire.com', 'kKY9ufvy1z', '67 Basil Center', 'Klein-Rippin', 'Editor'),
(156,   1,  495,    0x67B0A8B240,   0xCBDEFDF2D1,   'Editha Tice', 'etice4b@tiny.cc', 'F3e4Ek1aMa', '951 Grasskamp Alley', 'Collins, Beer and Smith', 'Professor'),
(157,   1,  494,    0xA14DC953E1,   0x67C79042EA,   'Dede Alvar', 'dalvar4c@bbc.co.uk', '58zA3sL0KTPd', '66689 Jenna Road', 'Heidenreich LLC', 'Research Assistant I'),
(158,   1,  32,     0x5FE7B81046,   0x1A3F8B3FD1,   'Tori Dowsing', 'tdowsing4d@typepad.com', 'v4SHtgk', '74293 Morning Park', 'Abernathy Group', 'Nuclear Power Engineer'),
(159,   1,  271,    0x3C74E27A10,   0x8607165EEE,   'Raeann Ody', 'rody4e@weebly.com', '0BACYvibHj', '68 Katie Alley', 'Ullrich, Walker and Torp', 'Senior Editor'),
(160,   1,  279,    0x33B116C173,   0x6E80981B8E,   'Kalinda Jenks', 'kjenks4f@earthlink.net', 'fv9A2rDR2h', '16 Kinsman Way', 'Franecki LLC', 'VP Sales'),
(161,   1,  52,     0xA14DC953E1,   0x67C79042EA,   'Quintus Johnke', 'qjohnke4g@home.pl', 'BMKq0j', '97743 4th Pass', 'Stoltenberg, Prosacco and Lockman', 'VP Marketing'),
(162,   1,  449,    0x5FE7B81046,   0x1A3F8B3FD1,   'Carmina Lowrie', 'clowrie4h@desdev.cn', 'iwpz5pEB', '4447 Westridge Terrace', 'Wunsch-Harvey', 'Environmental Specialist'),
(163,   1,  170,    0x3C74E27A10,   0x8607165EEE,   'Gusti Negus', 'gnegus4i@usda.gov', 'XT3bxqTd5', '4 Shelley Crossing', 'Smith Group', 'Safety Technician I'),
(164,   1,  369,    0x33B116C173,   0x6E80981B8E,   'Bendick Arangy', 'barangy4j@sitemeter.com', '14ZyIk5w', '7 Scoville Park', 'Stark Inc', 'Administrative Officer'),
(165,   1,  264,    0xE324F0B259,   0x2B3C903A49,   'Raymond Blakeney', 'rblakeney4k@intel.com', 'qUUYMD3EO', '43447 Linden Point', 'Quitzon-Farrell', 'Legal Assistant'),
(166,   1,  448,    0xD3B0EA90E1,   0x9D3718D227,   'Bellina Blurton', 'bblurton4l@friendfeed.com', 'vScFiLblB0', '01 Eliot Court', 'Kuvalis Inc', 'Programmer Analyst I'),
(167,   1,  383,    0xEC891E49A1,   0xBCBD383FFA,   'Ebony Ianni', 'eianni4m@woothemes.com', 'kVRLDjlM', '6 Huxley Junction', 'Mohr LLC', 'Quality Engineer'),
(168,   1,  34,     0xA896EF90B1,   0xE87E91AD51,   'Clayborne Mauditt', 'cmauditt4n@ihg.com', 'g5ZpPWyoAtG', '0445 Gateway Terrace', 'Crona Inc', 'Registered Nurse'),
(169,   1,  18,     0x82164D6A29,   0xC615C67F65,   'Oliy Lightollers', 'olightollers4o@buzzfeed.com', '9ZH8UrPKxCRN', '469 Fordem Circle', 'Morissette-Johnston', 'Geological Engineer'),
(170,   1,  206,    0x67B0A8B241,   0xCBDEFDF2D1,   'Verla Sanpere', 'vsanpere4p@redcross.org', 'SybiN2JQ0Wqw', '1 Delaware Road', 'Beer-Rogahn', 'Database Administrator IV'),
(171,   1,  302,    0xA14DC953E1,   0x67C79042EA,   'Saudra Dacks', 'sdacks4q@prlog.org', 'cvH61dYsK', '9576 International Pass', 'Halvorson-Glover', 'Marketing Assistant'),
(172,   1,  133,    0x5FE7B81047,   0x1A3F8B3FD1,   'Noelani Dysert', 'ndysert4r@oracle.com', 'amD9oR', '0906 Westerfield Alley', 'Bradtke, Pouros and Pouros', 'Help Desk Technician'),
(173,   1,  147,    0x3C74E27A10,   0x8607165EEE,   'Klaus Elven', 'kelven4s@ftc.gov', '3Qe70g1r64vi', '9 Forster Street', 'Williamson-Botsford', 'Media Manager IV'),
(174,   1,  402,    0x33B116C174,   0x6E80981B8E,   'Hyacinthe Websdale', 'hwebsdale4t@mayoclinic.com', 'EX9IqF', '0237 Forest Dale Parkway', 'Rogahn, Prohaska and Rempel', 'Help Desk Technician'),
(175,   1,  129,    0xA14DC953E1,   0x67C79042EA,   'Dirk Fante', 'dfante4u@live.com', 'YXVdhRv', '6 Sundown Center', 'McGlynn Inc', 'Librarian'),
(176,   1,  319,    0x5FE7B81047,   0x1A3F8B3FD1,   'Evie Matteau', 'ematteau4v@goo.gl', 'i4RFMYb', '82073 Stoughton Center', 'Thiel and Sons', 'Community Outreach Specialist'),
(177,   1,  474,    0x3C74E27A10,   0x8607165EEE,   'Hakim Nossent', 'hnossent4w@cocolog-nifty.com', 'iDMYDxRxrNyg', '9687 Independence Way', 'Beer-Witting', 'Accountant III'),
(178,   1,  417,    0x33B116C174,   0x6E80981B8E,   'Sal MacGettigen', 'smacgettigen4x@hp.com', 'QMi7iT', '951 Del Sol Road', 'Abshire LLC', 'Senior Developer'),
(179,   1,  57,     0xE324F0B260,   0x2B3C903A50,   'Farah Gethin', 'fgethin4y@t-online.de', 'QDkCtSTN', '7 Mandrake Terrace', 'Sanford-Jast', 'Web Designer IV'),
(180,   1,  89,     0xD3B0EA90E1,   0x9D3718D228,   'Buffy Bourton', 'bbourton4z@amazon.co.uk', '6K0R0c', '78878 Duke Hill', 'Watsica-Berge', 'Structural Engineer'),
(181,   1,  203,    0xEC891E49A1,   0xBCBD383FFA,   'Freedman Bisco', 'fbisco50@linkedin.com', 'wXmxMisx', '1 Crest Line Drive', 'Gaylord LLC', 'Director of Sales'),
(182,   1,  463,    0xA896EF90B1,   0xE87E91AD52,   'Rachele Bedburrow', 'rbedburrow51@edublogs.org', 'gXL1okmU50u', '5882 Ohio Court', 'Dare LLC', 'Programmer II'),
(183,   1,  49,     0x82164D6A30,   0xC615C67F66,   'Benyamin Calfe', 'bcalfe52@arstechnica.com', 'r7oEv6q5b2C', '08504 Mallard Center', 'Blanda-Connelly', 'Health Coach I'),
(184,   1,  427,    0x67B0A8B242,   0xCBDEFDF2D1,   'Lucy Meneghelli', 'lmeneghelli53@wikimedia.org', 'vwCVg4w', '8 Briar Crest Way', 'Raynor and Sons', 'Senior Financial Analyst'),
(185,   1,  348,    0xA14DC953E1,   0x67C79042EA,   'Collie Chatteris', 'cchatteris54@businessinsider.com', 'D98qmcmpH9Tu', '088 Michigan Way', 'Russel-Rutherford', 'Registered Nurse'),
(186,   1,  411,    0x5FE7B81048,   0x1A3F8B3FD2,   'Ruthann Figger', 'rfigger55@google.it', 'VgRQAqr', '84 East Trail', 'Powlowski-Weissnat', 'Web Designer IV'),
(187,   1,  433,    0x3C74E27A10,   0x8607165EEE,   'Patricia Cashin', 'pcashin56@odnoklassniki.ru', 'T59jr4XHfdC', '81 Arapahoe Junction', 'Rogahn Inc', 'Senior Editor'),
(188,   1,  132,    0x33B116C175,   0x6E80981B8E,   'Daryl Bucklee', 'dbucklee57@un.org', 'OgfTcj', '839 Bay Circle', 'Grady, Friesen and Gutmann', 'Senior Cost Accountant'),
(189,   1,  397,    0xA14DC953E1,   0x67C79042EA,   'Valentia Minithorpe', 'vminithorpe58@shop-pro.jp', 'KiPzH2pvlj', '812 Buhler Center', 'Haley-Reynolds', 'Social Worker'),
(190,   1,  227,    0x5FE7B81048,   0x1A3F8B3FD2,   'Hervey Pheasant', 'hpheasant59@homestead.com', 'xTpDZkzOHfBU', '93 Helena Crossing', 'Stroman and Sons', 'Project Manager'),
(191,   1,  374,    0x3C74E27A10,   0x8607165EEE,   'Hale Casillis', 'hcasillis5a@blogs.com', 'pClnE1xj', '530 Green Ridge Point', 'Schroeder Inc', 'GIS Technical Architect'),
(192,   1,  65,     0x33B116C175,   0x6E80981B8E,   'Ebeneser Addlestone', 'eaddlestone5b@nationalgeographic.com', 'i9uIt0AS', '2856 Express Road', 'Renner and Sons', 'Help Desk Operator'),
(193,   1,  80,     0xE324F0B261,   0x2B3C903A51,   'Bruis Normanvill', 'bnormanvill5c@mac.com', 'YAnJqYJ', '5983 Summer Ridge Way', 'Wuckert Inc', 'Financial Advisor'),
(194,   1,  381,    0xD3B0EA90E1,   0x9D3718D229,   'Vernon MacPhaden', 'vmacphaden5d@google.com.hk', '1dKwpMB68IvW', '16 Mandrake Junction', 'Little, Hilpert and Towne', 'Nuclear Power Engineer'),
(195,   1,  288,    0xEC891E49A1,   0xBCBD383FFA,   'Walther Hawksby', 'whawksby5e@reuters.com', 'YSdIhcIG8n', '8427 Anzinger Pass', 'Bahringer-Krajcik', 'Community Outreach Specialist'),
(196,   1,  13,     0xA896EF90B1,   0xE87E91AD53,   'Dyanna Habberjam', 'dhabberjam5f@mlb.com', 'VIXL3jl7H26', '403 Crownhardt Trail', 'Hessel and Sons', 'VP Quality Control'),
(197,   1,  210,    0x82164D6A31,   0xC615C67F67,   'Angy Twopenny', 'atwopenny5g@ovh.net', 'aJmjjc4cjbW', '30523 Little Fleur Lane', 'Jaskolski, Pacocha and O''Kon', 'Quality Control Specialist'),
(198,   1,  292,    0x67B0A8B243,   0xCBDEFDF2D2,   'Orin Ericssen', 'oericssen5h@ucoz.ru', 'RcsvnvrR', '338 Comanche Pass', 'Quigley Inc', 'Database Administrator III'),
(199,   1,  115,    0xA14DC953E1,   0x67C79042EA,   'Manolo Petrelluzzi', 'mpetrelluzzi5i@symantec.com', 'hEVciVPCP', '50 Artisan Junction', 'Kling LLC', 'Associate Professor'),
(200,   1,  234,    0x5FE7B81049,   0x1A3F8B3FD2,   'Lonny Thoresby', 'lthoresby5j@hubpages.com', '7dTc76SfHK', '1 Warner Place', 'Hodkiewicz, Brakus and Davis', 'Analog Circuit Design manager'),
(201,   1,  447,    0x3C74E27A10,   0x8607165EEE,   'Anthe Harborow', 'aharborow5k@goodreads.com', 'dgtXUUE1RCZX', '6 Farmco Junction', 'Kutch-Ondricka', 'Pharmacist'),
(202,   1,  304,    0x33B116C176,   0x6E80981B8E,   'Park Node', 'pnode5l@stanford.edu', '5WC6aD5n', '2 Clove Way', 'Sanford-Stracke', 'Occupational Therapist'),
(203,   1,  53,     0xA14DC953E1,   0x67C79042EA,   'Janeczka Mingey', 'jmingey5m@spotify.com', 'FPayescVo9', '19558 Longview Court', 'Brown and Sons', 'General Manager'),
(204,   1,  195,    0x5FE7B81049,   0x1A3F8B3FD2,   'Petronilla Gregolin', 'pgregolin5n@engadget.com', 'R7vE5W4', '43 Corry Parkway', 'D''Amore-Kassulke', 'Research Nurse'),
(205,   1,  461,    0x3C74E27A10,   0x8607165EEE,   'Buddie Banister', 'bbanister5o@ftc.gov', 'o9zjiUtj9Qj', '540 Oakridge Drive', 'Nitzsche Group', 'Graphic Designer'),
(206,   1,  74,     0x33B116C176,   0x6E80981B8E,   'Lorita Begley', 'lbegley5p@harvard.edu', 'mirsTqAdKFgK', '167 Eagan Hill', 'Wolff-Hansen', 'Human Resources Assistant I'),
(207,   1,  470,    0xE324F0B262,   0x2B3C903A52,   'Sophi Jirusek', 'sjirusek5q@cloudflare.com', 'CdRSGKeqw63e', '59980 Merrick Plaza', 'Rippin, Stokes and Dickinson', 'Human Resources Assistant IV'),
(208,   1,  451,    0xD3B0EA90E1,   0x9D3718D230,   'Morrie Hebditch', 'mhebditch5r@trellian.com', 'zNlzKoStF', '5445 Surrey Park', 'Langosh-Hauck', 'Biostatistician IV'),
(209,   1,  359,    0xEC891E49A1,   0xBCBD383FFA,   'Clifford Skeat', 'cskeat5s@instagram.com', 'VVlDm4p', '494 Mitchell Crossing', 'Muller Group', 'Chemical Engineer'),
(210,   1,  186,    0xA896EF90B1,   0xE87E91AD54,   'Pauletta Graffin', 'pgraffin5t@jugem.jp', '5gVV8Whk', '5 Sachs Pass', 'Rippin, White and Greenholt', 'Assistant Manager'),
(211,   1,  173,    0x82164D6A32,   0xC615C67F68,   'Kessiah Boncore', 'kboncore5u@auda.org.au', 'ktIJVyTkVlWi', '02165 North Place', 'Nienow Group', 'Operator'),
(212,   1,  262,    0x67B0A8B244,   0xCBDEFDF2D2,   'Nanine McPeck', 'nmcpeck5v@desdev.cn', 'AOuCoP', '46 Surrey Junction', 'King LLC', 'Geological Engineer'),
(213,   1,  445,    0xA14DC953E2,   0x67C79042EA,   'Bernette Hollindale', 'bhollindale5w@fc2.com', '6J3xJz7ET3', '2 Oriole Way', 'Swift-VonRueden', 'GIS Technical Architect'),
(214,   1,  392,    0x5FE7B81050,   0x1A3F8B3FD2,   'Harlin Gaskall', 'hgaskall5x@craigslist.org', '4yiSeBoqnreU', '207 Messerschmidt Avenue', 'O''Reilly, Kunde and Flatley', 'Quality Control Specialist'),
(215,   1,  196,    0x3C74E27A10,   0x8607165EEE,   'Minnie Lillico', 'mlillico5y@edublogs.org', 'jH0X14', '8 Columbus Junction', 'Schuster-Kerluke', 'Clinical Specialist'),
(216,   1,  118,    0x33B116C177,   0x6E80981B8E,   'Loydie Wilkowski', 'lwilkowski5z@weebly.com', 'wz6gNHl4ujI', '4 Oak Park', 'Mertz LLC', 'Operator'),
(217,   1,  218,    0xA14DC953E2,   0x67C79042EA,   'Lynne De Banke', 'lde60@reference.com', 'DWE97vKQTJ', '37726 Sauthoff Crossing', 'Stiedemann, Bechtelar and Keebler', 'Programmer III'),
(218,   1,  77,     0x5FE7B81050,   0x1A3F8B3FD2,   'Tawsha Goodricke', 'tgoodricke61@webs.com', 'ppC3Dd2u0plS', '16083 Sunfield Crossing', 'Marks, Renner and Hyatt', 'Administrative Officer'),
(219,   1,  354,    0x3C74E27A10,   0x8607165EEE,   'Orel Jobbing', 'ojobbing62@netvibes.com', '5MKJqVfgbva', '81 Mcguire Point', 'Thiel-Zieme', 'Statistician III'),
(220,   1,  275,    0x33B116C177,   0x6E80981B8E,   'Zacharias Rathbourne', 'zrathbourne63@washingtonpost.com', 'op52Oa', '329 Dakota Alley', 'Leannon Inc', 'Junior Executive'),
(221,   1,  24,     0xE324F0B263,   0x2B3C903A53,   'Sergei Patington', 'spatington64@skype.com', 'GSC3Dn8PPf', '799 7th Avenue', 'Konopelski, Sipes and Hickle', 'VP Quality Control'),
(222,   1,  125,    0xD3B0EA90E1,   0x9D3718D231,   'Camella Janku', 'cjanku65@toplist.cz', '26mMqKe5yzF', '7 Hayes Terrace', 'Wintheiser-Hoeger', 'Chemical Engineer'),
(223,   1,  51,     0xEC891E49A1,   0xBCBD383FFA,   'Merry Botten', 'mbotten66@cnbc.com', 'LghMQ2', '92280 Saint Paul Park', 'Pouros and Sons', 'Operator'),
(224,   1,  357,    0xA896EF90B1,   0xE87E91AD55,   'Audi Colebeck', 'acolebeck67@geocities.jp', 'rIaFMf5uyz5f', '2484 Oriole Park', 'Howell, Herman and Spencer', 'Nuclear Power Engineer'),
(225,   1,  209,    0x82164D6A33,   0xC615C67F69,   'Kimberli Wadwell', 'kwadwell68@ycombinator.com', 'QMeGhV', '6383 Garrison Street', 'Powlowski Group', 'Paralegal'),
(226,   1,  343,    0x67B0A8B245,   0xCBDEFDF2D2,   'Halley Forlong', 'hforlong69@dailymail.co.uk', '5Lkf9vGiM', '00595 Bay Lane', 'Gerlach, Bernier and Ankunding', 'Senior Cost Accountant'),
(227,   1,  12,     0xA14DC953E2,   0x67C79042EA,   'Juanita Siney', 'jsiney6a@google.com', 'vSMRBkBH41b', '507 Pleasure Junction', 'Medhurst Inc', 'Developer IV'),
(228,   1,  298,    0x5FE7B81051,   0x1A3F8B3FD2,   'Brose Cartwight', 'bcartwight6b@discovery.com', 'o6gC66dU', '001 Birchwood Plaza', 'McClure-Yost', 'Accountant IV'),
(229,   1,  103,    0x3C74E27A10,   0x8607165EEE,   'Tadio Torrent', 'ttorrent6c@globo.com', 'pJ3wg9', '34 Onsgard Drive', 'Johnston-Gleichner', 'Computer Systems Analyst IV'),
(230,   1,  289,    0x33B116C178,   0x6E80981B8E,   'Elwin Stolze', 'estolze6d@baidu.com', 'drMvVcf', '03983 Jenna Park', 'Kling-Schaefer', 'Senior Quality Engineer'),
(231,   1,  371,    0xA14DC953E2,   0x67C79042EA,   'Hermie Lanfear', 'hlanfear6e@ed.gov', 'zQe2ir', '0816 Weeping Birch Court', 'Crooks and Sons', 'Physical Therapy Assistant'),
(232,   1,  466,    0x5FE7B81051,   0x1A3F8B3FD2,   'Saloma Antunez', 'santunez6f@cyberchimps.com', 'WVpqcEQ3XhzU', '70701 Hansons Court', 'Hand, Pagac and West', 'Sales Associate'),
(233,   1,  484,    0x3C74E27A10,   0x8607165EEE,   'Saxon Bennike', 'sbennike6g@ning.com', 'n8y5tQ', '74 Lakeland Parkway', 'Sawayn, Heathcote and Reynolds', 'Actuary'),
(234,   1,  372,    0x33B116C178,   0x6E80981B8E,   'Lynna Ellsbury', 'lellsbury6h@blog.com', 'GTlkJbEE', '48395 Dawn Crossing', 'Tromp, Parisian and Tillman', 'Recruiting Manager'),
(235,   1,  315,    0xE324F0B264,   0x2B3C903A54,   'Benson Stonhewer', 'bstonhewer6i@jigsy.com', '4loTdvMMlA', '57342 Sloan Way', 'Kiehn-Lynch', 'Legal Assistant'),
(236,   1,  244,    0xD3B0EA90E1,   0x9D3718D232,   'Adel Scarce', 'ascarce6j@a8.net', 'EWunPbuGN', '95 La Follette Road', 'Herman LLC', 'Editor'),
(237,   1,  78,     0xEC891E49A1,   0xBCBD383FFA,   'Jaine Harower', 'jharower6k@newyorker.com', '86TQ5DPVhG', '4293 Bayside Place', 'Langosh and Sons', 'Quality Control Specialist'),
(238,   1,  486,    0xA896EF90B2,   0xE87E91AD56,   'Ali Caulder', 'acaulder6l@wikispaces.com', 'WtaNul2', '86082 Sherman Street', 'Schulist-Pouros', 'Community Outreach Specialist'),
(239,   1,  269,    0x82164D6A34,   0xC615C67F70,   'Sonnie Torr', 'storr6m@bloglovin.com', '1NgL5J', '8528 Gina Pass', 'Johnson-Glover', 'Graphic Designer'),
(240,   1,  430,    0x67B0A8B246,   0xCBDEFDF2D2,   'Dareen Thickpenny', 'dthickpenny6n@hp.com', 'vXZ0rI', '28 International Street', 'Lind-Bechtelar', 'Engineer II'),
(241,   1,  464,    0xA14DC953E2,   0x67C79042EA,   'Joela Stent', 'jstent6o@army.mil', '5gJj0E', '1366 Spohn Plaza', 'Stamm LLC', 'Analyst Programmer'),
(242,   1,  415,    0x5FE7B81052,   0x1A3F8B3FD2,   'Frants Raraty', 'fraraty6p@nps.gov', 'YzNVgaTaJoC', '26 Browning Center', 'Waters, Bergnaum and Quigley', 'Computer Systems Analyst II'),
(243,   1,  403,    0x3C74E27A11,   0x8607165EEE,   'Ardenia Tyzack', 'atyzack6q@privacy.gov.au', 'HydfBSYQ', '9859 Schlimgen Crossing', 'Kunde, Yost and Jaskolski', 'Internal Auditor'),
(244,   1,  185,    0x33B116C179,   0x6E80981B8E,   'Yule Govern', 'ygovern6r@myspace.com', 'Yhl4KUpz', '2446 Hooker Alley', 'Nitzsche-Wilkinson', 'Financial Analyst'),
(245,   1,  353,    0xA14DC953E2,   0x67C79042EA,   'Levy Gillbe', 'lgillbe6s@newyorker.com', 'YdhN6s', '2 Cordelia Pass', 'Hodkiewicz Group', 'Librarian'),
(246,   1,  157,    0x5FE7B81052,   0x1A3F8B3FD2,   'Gaultiero Jephcott', 'gjephcott6t@histats.com', 'Z4umLV', '053 Continental Parkway', 'Will LLC', 'Senior Developer'),
(247,   1,  389,    0x3C74E27A11,   0x8607165EEE,   'Johann Aird', 'jaird6u@latimes.com', 'LOiIVr2ZZJ', '2314 Forest Dale Park', 'Reichel-Fritsch', 'Budget/Accounting Analyst IV'),
(248,   1,  376,    0x33B116C179,   0x6E80981B8E,   'Timmy Georgins', 'tgeorgins6v@reddit.com', 'EdjNNP', '7 Meadow Valley Plaza', 'Harvey-Larson', 'Budget/Accounting Analyst II'),
(249,   1,  255,    0xE324F0B265,   0x2B3C903A55,   'Boony Murdoch', 'bmurdoch6w@nba.com', 'yj904F', '932 Londonderry Lane', 'Gerhold, Barton and Franecki', 'Speech Pathologist'),
(250,   1,  252,    0xD3B0EA90E1,   0x9D3718D233,   'Bobbe Stephens', 'bstephens6x@sphinn.com', '1CEVdsvmGKas', '8 Riverside Point', 'Schowalter, Fay and Rosenbaum', 'VP Marketing'),
(251,   1,  179,    0xEC891E49A1,   0xBCBD383FFA,   'Priscilla Giacoppo', 'pgiacoppo6y@newsvine.com', 'Uya6NFTSc', '232 Twin Pines Circle', 'Jerde, Schmidt and Nitzsche', 'Recruiting Manager'),
(252,   1,  281,    0xA896EF90B2,   0xE87E91AD57,   'Elberta Code', 'ecode6z@mac.com', 'VzHRCtKQ', '36 Miller Court', 'Stanton-Mayert', 'Project Manager'),
(253,   1,  332,    0x82164D6A35,   0xC615C67F71,   'Link Bernakiewicz', 'lbernakiewicz70@fastcompany.com', 'TdFOX0ZIA', '37 Fairview Road', 'Little and Sons', 'Sales Associate'),
(254,   1,  266,    0x67B0A8B247,   0xCBDEFDF2D2,   'Diarmid Thonger', 'dthonger71@aol.com', '5jdodhznJ', '69 Swallow Parkway', 'McDermott Group', 'Civil Engineer'),
(255,   1,  418,    0xA14DC953E2,   0x67C79042EA,   'Jens Berick', 'jberick72@tinyurl.com', 'nIDxgcT1g', '72586 Eliot Drive', 'Beier-Lowe', 'Food Chemist'),
(256,   1,  312,    0x5FE7B81053,   0x1A3F8B3FD2,   'Xenos Dakhno', 'xdakhno73@biblegateway.com', 'fVsfQOew', '93936 Mayfield Circle', 'Bechtelar, Medhurst and Dare', 'Web Developer II'),
(257,   1,  399,    0x3C74E27A11,   0x8607165EEE,   'Tiffy Coomber', 'tcoomber74@discuz.net', 'MD5fqK', '26 Columbus Parkway', 'Balistreri, McLaughlin and Murray', 'Civil Engineer'),
(258,   1,  176,    0x33B116C180,   0x6E80981B8E,   'Berrie Kilfeather', 'bkilfeather75@shutterfly.com', 'LpI2alqfL', '4 Florence Point', 'Wilderman, Bahringer and Kerluke', 'Professor'),
(259,   1,  297,    0xA14DC953E2,   0x67C79042EA,   'Gracia Poacher', 'gpoacher76@prlog.org', '3TrMDyr7', '95 Old Gate Alley', 'Erdman, Hegmann and Reichert', 'Civil Engineer'),
(260,   1,  108,    0x5FE7B81053,   0x1A3F8B3FD2,   'Mic Igglesden', 'migglesden77@mediafire.com', 'CZ2hDreW8QS', '94310 Main Alley', 'McLaughlin-Jacobson', 'Payment Adjustment Coordinator'),
(261,   1,  33,     0x3C74E27A11,   0x8607165EEE,   'Menard Luchetti', 'mluchetti78@dion.ne.jp', 'gJZkunG224aW', '12 Crest Line Way', 'Gleichner, Rodriguez and Ryan', 'Health Coach IV'),
(262,   1,  284,    0x33B116C180,   0x6E80981B8E,   'Ulrikaumeko Chennells', 'uchennells79@ebay.co.uk', 'GYx3XhtGL', '250 Westridge Hill', 'Heaney LLC', 'Marketing Manager'),
(263,   1,  337,    0xE324F0B266,   0x2B3C903A56,   'Eba O''Griffin', 'eogriffin7a@wikia.com', '3Bwffbvxq', '821 Johnson Junction', 'Miller, Gutmann and Haley', 'Analyst Programmer'),
(264,   1,  215,    0xD3B0EA90E1,   0x9D3718D234,   'Frasquito Gorling', 'fgorling7b@si.edu', 'msIJsO', '7 Lakeland Crossing', 'Rippin, Zulauf and Schinner', 'Nurse Practicioner'),
(265,   1,  325,    0xEC891E49A2,   0xBCBD383FFA,   'Cosette Keemer', 'ckeemer7c@mozilla.org', 'tmwzgMQQ9d', '12844 Derek Trail', 'Auer, Kassulke and Stoltenberg', 'Recruiting Manager'),
(266,   1,  86,     0xA896EF90B2,   0xE87E91AD58,   'Stepha Oliva', 'soliva7d@jugem.jp', 'N9RcjxTP', '859 Crownhardt Circle', 'Senger-Smitham', 'Computer Systems Analyst III'),
(267,   1,  308,    0x82164D6A36,   0xC615C67F72,   'Waring Adelman', 'wadelman7e@123-reg.co.uk', 'DmMKrJ6', '6 Farmco Alley', 'Sipes Inc', 'Civil Engineer'),
(268,   1,  60,     0x67B0A8B248,   0xCBDEFDF2D2,   'Chaim Bazoge', 'cbazoge7f@unblog.fr', 'KDESc1we8Da', '7 Fulton Park', 'Heathcote and Sons', 'Electrical Engineer'),
(269,   1,  99,     0xA14DC953E2,   0x67C79042EA,   'Chrystal McKeaveney', 'cmckeaveney7g@4shared.com', 'HCuzgCoCrw', '8 Superior Place', 'Sanford Group', 'Analog Circuit Design manager'),
(270,   1,  472,    0x5FE7B81054,   0x1A3F8B3FD2,   'Rayner Rouch', 'rrouch7h@w3.org', '32jCF8H8Koso', '105 Holmberg Point', 'Harvey LLC', 'Account Coordinator'),
(271,   1,  405,    0x3C74E27A11,   0x8607165EEE,   'Miguelita Crowcher', 'mcrowcher7i@opensource.org', 'W967H1', '7323 Gina Place', 'Gaylord and Sons', 'Accounting Assistant I'),
(272,   1,  311,    0x33B116C181,   0x6E80981B8E,   'D''arcy Dablin', 'ddablin7j@goodreads.com', 'cuuHdx', '0 Quincy Crossing', 'Jakubowski-Feest', 'Information Systems Manager'),
(273,   1,  344,    0xA14DC953E2,   0x67C79042EA,   'Randie de Copeman', 'rde7k@imageshack.us', 'GXbWftr', '74734 Anzinger Street', 'Kilback, Rice and Walsh', 'Programmer III'),
(274,   1,  166,    0x5FE7B81054,   0x1A3F8B3FD2,   'Kirstyn Eddis', 'keddis7l@hud.gov', 'rtfTILA', '9 Hovde Circle', 'Franecki-Carroll', 'Account Coordinator'),
(275,   1,  280,    0x3C74E27A11,   0x8607165EEE,   'Noemi Lode', 'nlode7m@chronoengine.com', 'fb9ICdp', '335 Hayes Plaza', 'Murphy, VonRueden and Corwin', 'Biostatistician IV'),
(276,   1,  127,    0x33B116C181,   0x6E80981B8E,   'Michaela Godart', 'mgodart7n@webeden.co.uk', 'gPlfxk', '43 Golf View Way', 'Grady Group', 'Research Assistant II'),
(277,   1,  96,     0xE324F0B267,   0x2B3C903A57,   'Mozelle Sproston', 'msproston7o@addthis.com', '4kiuFuKv2', '39153 Saint Paul Park', 'Bruen LLC', 'Account Representative III'),
(278,   1,  256,    0xD3B0EA90E2,   0x9D3718D235,   'Drake Gamet', 'dgamet7p@unc.edu', '7ceKjh', '94 Del Sol Parkway', 'Davis-Adams', 'VP Accounting'),
(279,   1,  105,    0xEC891E49A2,   0xBCBD383FFA,   'Ilse Varsey', 'ivarsey7q@artisteer.com', 'rmpl8l', '90736 Mayfield Crossing', 'Larson, Bins and Kozey', 'Actuary'),
(280,   1,  55,     0xA896EF90B2,   0xE87E91AD59,   'Garold Derobert', 'gderobert7r@squidoo.com', 'nODu7Bt', '281 Clyde Gallagher Terrace', 'Bins, Schultz and Schneider', 'Teacher'),
(281,   1,  172,    0x82164D6A37,   0xC615C67F73,   'Alexis Muscroft', 'amuscroft7s@icq.com', '6tRzpz4YAd', '8 Lyons Hill', 'Ortiz, Nicolas and Stark', 'General Manager'),
(282,   1,  341,    0x67B0A8B249,   0xCBDEFDF2D2,   'Lynnea Dunbavin', 'ldunbavin7t@ehow.com', '2iZTP6Peiy8Y', '1 Cardinal Circle', 'Cummings, Douglas and McDermott', 'Senior Cost Accountant'),
(283,   1,  139,    0xA14DC953E2,   0x67C79042EA,   'Guthry Summerton', 'gsummerton7u@rediff.com', 'EgQQCHl8e2k', '79808 Eagan Junction', 'Feeney-Fay', 'Account Coordinator'),
(284,   1,  93,     0x5FE7B81055,   0x1A3F8B3FD2,   'Rosamund Chidgey', 'rchidgey7v@virginia.edu', 'IM2GEl5f', '33 Mallard Way', 'Schoen LLC', 'Director of Sales'),
(285,   1,  285,    0x3C74E27A11,   0x8607165EEE,   'Cherey Gehring', 'cgehring7w@ning.com', 'iOwDubx5R', '960 Sauthoff Lane', 'Aufderhar-Donnelly', 'Structural Engineer'),
(286,   1,  390,    0x33B116C182,   0x6E80981B8E,   'Grethel Deme', 'gdeme7x@google.cn', 'ahLdopa', '4580 Walton Center', 'Hettinger, Corwin and Johns', 'Graphic Designer'),
(287,   1,  131,    0xA14DC953E2,   0x67C79042EA,   'Ricki Le Grove', 'rle7y@hao123.com', 'wQCgNRByKE', '4011 Ryan Avenue', 'Stehr, Ernser and Renner', 'Web Designer IV'),
(288,   1,  19,     0x5FE7B81055,   0x1A3F8B3FD2,   'Christoph Macconachy', 'cmacconachy7z@eepurl.com', 'mHYYJb0ntZ', '456 Dunning Alley', 'Johnston-Corkery', 'Help Desk Technician'),
(289,   1,  194,    0x3C74E27A11,   0x8607165EEE,   'Wit Manueli', 'wmanueli80@tripadvisor.com', '3AxPNxj', '47 Talisman Place', 'Erdman, Mayer and Simonis', 'Librarian'),
(290,   1,  167,    0x33B116C182,   0x6E80981B8E,   'Tyrone Slite', 'tslite81@marriott.com', 'OsbzzkfClJ', '9508 Mcbride Place', 'Abernathy Group', 'Legal Assistant'),
(291,   1,  213,    0xE324F0B268,   0x2B3C903A58,   'Trude Lyttle', 'tlyttle82@acquirethisname.com', 'y9MVE3qq9dna', '5100 Anderson Place', 'Schneider and Sons', 'Account Coordinator'),
(292,   1,  384,    0xD3B0EA90E2,   0x9D3718D236,   'Hedy Foulcher', 'hfoulcher83@vk.com', 'RQ7GUF6GY', '80025 Vera Hill', 'Botsford Inc', 'Programmer Analyst II'),
(293,   1,  135,    0xEC891E49A2,   0xBCBD383FFA,   'Will Giorgioni', 'wgiorgioni84@jalbum.net', 'HUTIbQ2no45', '4048 Utah Drive', 'Schuppe-Roob', 'Recruiting Manager'),
(294,   1,  336,    0xA896EF90B2,   0xE87E91AD60,   'Rey Masterman', 'rmasterman85@storify.com', '5EQK7b5btBF', '997 Pearson Way', 'Steuber-Hayes', 'Geological Engineer'),
(295,   1,  330,    0x82164D6A38,   0xC615C67F74,   'Maiga Smalridge', 'msmalridge86@smugmug.com', 'YgGk1v', '48 Utah Avenue', 'Jerde, McClure and Jenkins', 'Nurse Practicioner'),
(296,   1,  268,    0x67B0A8B250,   0xCBDEFDF2D7,   'Kenyon Coverly', 'kcoverly87@google.pl', 'rsZPvZN9', '13 Toban Pass', 'Waters Inc', 'Electrical Engineer'),
(297,   1,  462,    0xA14DC953E2,   0x67C79042EA,   'Merle Jaggs', 'mjaggs88@infoseek.co.jp', '6l4RJbl7NT', '5 Esch Street', 'Moore, Zemlak and Cummings', 'Web Designer III'),
(298,   1,  425,    0x5FE7B81056,   0x1A3F8B3FD8,   'Dosi Pandie', 'dpandie89@tinypic.com', 'fu0UM7y9yyE', '392 Bultman Avenue', 'Bahringer, King and Abshire', 'Senior Cost Accountant'),
(299,   1,  200,    0x3C74E27A11,   0x8607165EEE,   'Shirleen Wanne', 'swanne8a@smh.com.au', 'EQJGRuhbVfw8', '93 Fordem Avenue', 'O''Connell-Nader', 'Recruiter'),
(300,   1,  254,    0x33B116C183,   0x6E80981B8E,   'Tab Hadden', 'thadden8b@weebly.com', 'daiKZNIwosi', '862 Northport Terrace', 'Kassulke and Sons', 'Software Test Engineer I'),
(301,   1,  458,    0xA14DC953E2,   0x67C79042EA,   'Christal Cristofaro', 'ccristofaro8c@blog.com', '6CD6159', '48379 Hooker Way', 'Upton LLC', 'Physical Therapy Assistant'),
(302,   1,  88,     0x5FE7B81056,   0x1A3F8B3FD8,   'Leland Inglesant', 'linglesant8d@phpbb.com', '0iliFcgMxsGA', '4072 Sachs Place', 'Lynch, Littel and Goldner', 'Research Associate'),
(303,   1,  222,    0x3C74E27A11,   0x8607165EEE,   'Gwyneth Chetter', 'gchetter8e@princeton.edu', 'JjtqZXCJ8Os', '7 Ohio Plaza', 'Schmidt-Schiller', 'Desktop Support Technician'),
(304,   1,  335,    0x33B116C183,   0x6E80981B8E,   'Diego Pflieger', 'dpflieger8f@apple.com', '6JNY7FA0DJA', '8 Mcbride Center', 'Hudson-Harris', 'Help Desk Technician'),
(305,   1,  110,    0xE324F0B269,   0x2B3C903A59,   'Jerome Grimes', 'jgrimes8g@yale.edu', 'ZV4aet0SQmNx', '0 Loftsgordon Alley', 'Swift, Mohr and Braun', 'Recruiter'),
(306,   1,  178,    0xD3B0EA90E2,   0x9D3718D237,   'Rhonda Kunzel', 'rkunzel8h@4shared.com', 'bBYRnP', '0331 Haas Street', 'Blick-Thompson', 'Paralegal'),
(307,   1,  290,    0xEC891E49A2,   0xBCBD383FFA,   'Darya Dow', 'ddow8i@imgur.com', '5MgYC4oCyFQ', '81251 Tennessee Trail', 'Hegmann-Lang', 'Staff Scientist'),
(308,   1,  45,     0xA896EF90B2,   0xE87E91AD61,   'Vlad Stolze', 'vstolze8j@networkadvertising.org', 'eb0ridGxxcq', '36 Goodland Terrace', 'Thompson Group', 'Payment Adjustment Coordinator'),
(309,   1,  11,     0x82164D6A39,   0xC615C67F75,   'Reynolds Le Provost', 'rle8k@latimes.com', 'HqDgWNWNjecz', '0212 Fairfield Center', 'Bruen-Yost', 'Technical Writer'),
(310,   1,  296,    0x67B0A8B251,   0xCBDEFDF2D2,   'Riobard Mulgrew', 'rmulgrew8l@hhs.gov', 'kGPt1udI', '97 Melody Alley', 'Cronin-Hane', 'VP Product Management'),
(311,   1,  416,    0xA14DC953E2,   0x67C79042EA,   'Godard Hollyman', 'ghollyman8m@reddit.com', 'UZmmXBqs', '7 Memorial Avenue', 'Marquardt, Strosin and VonRueden', 'Project Manager'),
(312,   1,  40,     0x5FE7B81057,   0x1A3F8B3FD9,   'Clarke Beacom', 'cbeacom8n@ihg.com', 'u44J4Tm', '535 Dovetail Pass', 'Lang, Bashirian and Trantow', 'Nurse'),
(313,   1,  352,    0x3C74E27A11,   0x8607165EEE,   'Klara Boliver', 'kboliver8o@dropbox.com', 'vuJGTNXpGFo', '6 North Avenue', 'Morissette, Rolfson and Haag', 'Registered Nurse'),
(314,   1,  106,    0x33B116C184,   0x6E80981B8E,   'Stillmann Banfield', 'sbanfield8p@bloomberg.com', 'SxoDjMfXcEru', '74972 Hansons Drive', 'Mosciski-Auer', 'Database Administrator IV'),
(315,   1,  31,     0xA14DC953E2,   0x67C79042EA,   'Pippy Suermeier', 'psuermeier8q@webnode.com', 'VOf0TP', '483 Cottonwood Terrace', 'Spinka-Murazik', 'Help Desk Technician'),
(316,   1,  253,    0x5FE7B81057,   0x1A3F8B3FD2,   'Rem McDermott-Row', 'rmcdermottrow8r@printfriendly.com', 'qYEm2iD', '0 Spohn Parkway', 'Reichel-Carter', 'Senior Developer'),
(317,   1,  35,     0x3C74E27A11,   0x8607165EEE,   'Marie-jeanne Lamort', 'mlamort8s@china.com.cn', 'XX06FC8762J', '5 Basil Point', 'Zemlak-Rosenbaum', 'Senior Cost Accountant'),
(318,   1,  349,    0x33B116C184,   0x6E80981B8E,   'Joanne Chase', 'jchase8t@ocn.ne.jp', 'O2FVy1', '38 Huxley Circle', 'Buckridge-Strosin', 'Staff Accountant I'),
(319,   1,  490,    0xE324F0B270,   0x2B3C903A60,   'Shepperd Lough', 'slough8u@indiegogo.com', 'WVToSJ', '69 Vernon Parkway', 'Rogahn, Rowe and Grant', 'Office Assistant III'),
(320,   1,  270,    0xD3B0EA90E2,   0x9D3718D238,   'Nap Bosket', 'nbosket8v@reverbnation.com', 'hDIqrih3Mcpn', '67703 Tennyson Center', 'Murray-Price', 'Marketing Manager'),
(321,   1,  242,    0xEC891E49A2,   0xBCBD383FFA,   'Cathie Pursglove', 'cpursglove8w@admin.ch', 'iY9wpF4', '38049 Dawn Place', 'Legros LLC', 'Staff Scientist'),
(322,   1,  22,     0xA896EF90B2,   0xE87E91AD62,   'Darryl Gamil', 'dgamil8x@baidu.com', 'y7sD1UBooEz', '35190 Cordelia Pass', 'Bruen-Tremblay', 'Assistant Media Planner'),
(323,   1,  286,    0x82164D6A40,   0xC615C67F76,   'Chuck Klimshuk', 'cklimshuk8y@ibm.com', 'w2cvK66', '05614 Esch Trail', 'Cronin, Marvin and Stehr', 'Business Systems Development Analyst'),
(324,   1,  159,    0x67B0A8B252,   0xCBDEFDF2D2,   'Johnette Iacobo', 'jiacobo8z@liveinternet.ru', 'lga8gl5Ck3', '5292 Arapahoe Park', 'Buckridge Group', 'Research Assistant IV'),
(325,   1,  233,    0xA14DC953E2,   0x67C79042EA,   'Brigida Tinner', 'btinner90@studiopress.com', 'Uoa614je', '14045 Grover Park', 'Keebler, Kutch and Christiansen', 'Marketing Assistant'),
(326,   1,  283,    0x5FE7B81058,   0x1A3F8B3FD0,   'Jerrome Langer', 'jlanger91@reddit.com', 'xXQjqfvIB', '2 Drewry Point', 'Kutch and Sons', 'VP Accounting'),
(327,   1,  240,    0x3C74E27A11,   0x8607165EEE,   'Sigvard Odom', 'sodom92@ca.gov', 'liF0pVBZXahZ', '01091 Walton Point', 'Bruen, Rosenbaum and Gleichner', 'Computer Systems Analyst IV'),
(328,   1,  450,    0x33B116C185,   0x6E80981B8E,   'Wilt Veare', 'wveare93@1und1.de', 'keftRlxJo9R', '41729 Garrison Trail', 'Zieme, Bechtelar and Fay', 'Human Resources Manager'),
(329,   1,  282,    0xA14DC953E2,   0x67C79042EA,   'Conni Stannas', 'cstannas94@walmart.com', 'ecDAKgCdVff1', '0 Ruskin Point', 'Schuppe-Murray', 'Editor'),
(330,   1,  394,    0x5FE7B81058,   0x1A3F8B3FD3,   'Lida Kiley', 'lkiley95@yellowpages.com', 'm65HkMBcIi27', '5 Lien Center', 'Adams Inc', 'Staff Accountant I'),
(331,   1,  482,    0x3C74E27A11,   0x8607165EEE,   'Antonina Marzele', 'amarzele96@ted.com', 'YEg18Z', '14 Iowa Plaza', 'Jast LLC', 'Geologist III'),
(332,   1,  487,    0x33B116C185,   0x6E80981B8E,   'Henderson Cottisford', 'hcottisford97@amazonaws.com', 'qkh7QwSm8od', '0 Esch Terrace', 'DuBuque, Carter and Conroy', 'Geological Engineer'),
(333,   1,  498,    0xE324F0B271,   0x2B3C903A61,   'Robyn Tregea', 'rtregea98@phoca.cz', 'vJpoLcFqbl', '6 Raven Alley', 'Baumbach, Shanahan and Gorczany', 'Assistant Professor'),
(334,   1,  54,     0xD3B0EA90E2,   0x9D3718D239,   'Mechelle Decreuze', 'mdecreuze99@amazon.co.jp', 'rxzY8LFs', '94 Glacier Hill Parkway', 'Rice-Schoen', 'Budget/Accounting Analyst IV'),
(335,   1,  39,     0xEC891E49A2,   0xBCBD383FFA,   'Ailyn Fraczkiewicz', 'afraczkiewicz9a@google.co.jp', 'UEHL68waYc', '03787 Sundown Alley', 'Sauer-Botsford', 'Health Coach I'),
(336,   1,  485,    0xA896EF90B2,   0xE87E91AD63,   'Milt Kundt', 'mkundt9b@booking.com', 'OPmZcrwHe3', '55334 Stuart Street', 'Hagenes LLC', 'Computer Systems Analyst I'),
(337,   1,  30,     0x82164D6A41,   0xC615C67F77,   'Jojo Weightman', 'jweightman9c@gov.uk', 'nA0oRtXw7ji', '69 Dunning Pass', 'Breitenberg-Hermann', 'Physical Therapy Assistant'),
(338,   1,  107,    0x67B0A8B253,   0xCBDEFDF2D3,   'Norma Haruard', 'nharuard9d@merriam-webster.com', '1c5lm0d', '95 Kingsford Way', 'Bailey Group', 'Physical Therapy Assistant'),
(339,   1,  380,    0xA14DC953E2,   0x67C79042EA,   'Glory Reuble', 'greuble9e@paypal.com', '3fc90aXy', '03 Havey Hill', 'Rice Group', 'Assistant Manager'),
(340,   1,  202,    0x5FE7B81059,   0x1A3F8B3FD3,   'Jeri Conklin', 'jconklin9f@alexa.com', 'dNhSRz', '11953 Calypso Crossing', 'Marquardt Group', 'Paralegal'),
(341,   1,  136,    0x3C74E27A11,   0x8607165EEE,   'Adolphe Duigan', 'aduigan9g@flavors.me', 'SKKp1p', '75 Roxbury Lane', 'Pouros-Jaskolski', 'Office Assistant IV'),
(342,   1,  94,     0x33B116C186,   0x6E80981B8E,   'Lisle Gairdner', 'lgairdner9h@toplist.cz', 'FT4yzAdJ1iiw', '4869 Blaine Street', 'Thompson-Hoppe', 'Tax Accountant'),
(343,   1,  191,    0xA14DC953E2,   0x67C79042EA,   'Lelia Coggill', 'lcoggill9i@cyberchimps.com', 'ASsrFl6LhJ', '4 Hoard Crossing', 'Ledner-Schumm', 'VP Marketing'),
(344,   1,  300,    0x5FE7B81059,   0x1A3F8B3FD3,   'Griffith Fryatt', 'gfryatt9j@dagondesign.com', 'wpvDrk', '1 Dawn Avenue', 'Howe LLC', 'Social Worker'),
(345,   1,  442,    0x3C74E27A11,   0x8607165EEE,   'Kellen Leaves', 'kleaves9k@oracle.com', 'e5nrEE', '363 Havey Junction', 'O''Connell and Sons', 'Assistant Media Planner'),
(346,   1,  212,    0x33B116C186,   0x6E80981B8E,   'Melony Hayley', 'mhayley9l@psu.edu', 'zcKJNCg', '87 Stuart Way', 'Nicolas, Runte and Kutch', 'Physical Therapy Assistant'),
(347,   1,  320,    0xE324F0B272,   0x2B3C903A62,   'Ring Beig', 'rbeig9m@instagram.com', '0ni927pYX', '57420 Browning Alley', 'Lesch LLC', 'Sales Associate'),
(348,   1,  152,    0xD3B0EA90E2,   0x9D3718D240,   'Marcile Qualtro', 'mqualtro9n@cmu.edu', 'LyfADBUkV6tr', '5 West Road', 'Jast Inc', 'Automation Specialist II'),
(349,   1,  190,    0xEC891E49A2,   0xBCBD383FFA,   'Ashleigh Morphew', 'amorphew9o@about.com', 'iTdoA8yVR', '80 Kensington Park', 'McDermott Inc', 'Assistant Professor'),
(350,   1,  423,    0xA896EF90B2,   0xE87E91AD64,   'Kev Ingerman', 'kingerman9p@creativecommons.org', 'qfvANw9uEwE', '4 Ludington Crossing', 'Stiedemann, McCullough and Medhurst', 'Staff Scientist'),
(351,   1,  37,     0x82164D6A42,   0xC615C67F78,   'Shirline Postians', 'spostians9q@nih.gov', '746MaZIADW6', '106 Hazelcrest Center', 'McClure and Sons', 'Junior Executive'),
(352,   1,  62,     0x67B0A8B254,   0xCBDEFDF2D3,   'Sidoney Ireson', 'sireson9r@washington.edu', 'c4yQ0Yp', '58 1st Crossing', 'Zieme-Greenholt', 'Business Systems Development Analyst'),
(353,   1,  438,    0xA14DC953E3,   0x67C79042EA,   'Alicia Collop', 'acollop9s@who.int', 'veieSBc', '16369 Longview Place', 'Johnson-Reichel', 'Cost Accountant'),
(354,   1,  70,     0x5FE7B81060,   0x1A3F8B3FD3,   'Akim Kenealy', 'akenealy9t@pagesperso-orange.fr', 'Nf5oOnAPMn', '63 Grover Hill', 'Nienow, Yundt and Walker', 'Payment Adjustment Coordinator'),
(355,   1,  100,    0x3C74E27A11,   0x8607165EEE,   'Spence De Blasi', 'sde9u@phoca.cz', 'BY8j25', '94378 Carioca Crossing', 'Heller Inc', 'Media Manager I'),
(356,   1,  249,    0x33B116C187,   0x6E80981B8E,   'Burlie Inch', 'binch9v@github.io', 'qqNSvXSbqQ', '9 Hoepker Drive', 'Muller, Blick and Ortiz', 'Product Engineer'),
(357,   1,  378,    0xA14DC953E3,   0x67C79042EA,   'Hermine Cordey', 'hcordey9w@alibaba.com', 'Q29g1kS', '5 Daystar Place', 'Gottlieb-Wolff', 'Software Consultant'),
(358,   1,  431,    0x5FE7B81060,   0x1A3F8B3FD3,   'Sibley Cogan', 'scogan9x@google.com.br', 'Fhwjmi', '75918 Ilene Way', 'Kertzmann, Emmerich and Gorczany', 'Social Worker'),
(359,   1,  410,    0x3C74E27A11,   0x8607165EEE,   'Tulley Dreini', 'tdreini9y@businessinsider.com', '3eLGeP9R', '7124 Erie Terrace', 'Parisian, Pouros and Treutel', 'Account Representative I'),
(360,   1,  95,     0x33B116C187,   0x6E80981B8E,   'Violette Elsmore', 'velsmore9z@biglobe.ne.jp', '3kI3DUYyz', '64 Farwell Place', 'Kunze and Sons', 'Senior Developer'),
(361,   1,  440,    0xE324F0B273,   0x2B3C903A63,   'Gladys Loakes', 'gloakesa0@google.ru', 'kYMt7desJw', '9665 Northfield Place', 'Roob-Heaney', 'Teacher'),
(362,   1,  338,    0xD3B0EA90E2,   0x9D3718D241,   'Hale Wherrit', 'hwherrita1@netvibes.com', 'JCWTssr9K', '922 Coleman Alley', 'Goyette-Wilkinson', 'Legal Assistant'),
(363,   1,  248,    0xEC891E49A2,   0xBCBD383FFA,   'Ritchie Manginot', 'rmanginota2@mediafire.com', '3iL4es', '9 Lighthouse Bay Junction', 'Conroy, Walker and Runolfsdottir', 'Marketing Assistant'),
(364,   1,  367,    0xA896EF90B2,   0xE87E91AD65,   'Gina Castells', 'gcastellsa3@weebly.com', '9BkKEK0Nw5b', '0 Saint Paul Crossing', 'Wehner and Sons', 'Accounting Assistant II'),
(365,   1,  98,     0x82164D6A43,   0xC615C67F79,   'Berti Jiruch', 'bjirucha4@indiegogo.com', '0pvEBW3Y', '24 Steensland Lane', 'Skiles-Kling', 'Web Developer III'),
(366,   1,  358,    0x67B0A8B255,   0xCBDEFDF2D2,   'Gale Siberry', 'gsiberrya5@github.com', 'kkZ6Q6Y4wOS', '71408 Artisan Plaza', 'Becker Inc', 'Senior Quality Engineer'),
(367,   1,  81,     0xA14DC953E3,   0x67C79042EA,   'Tull Dumini', 'tduminia6@mediafire.com', 'RG0Ts6yJsj', '82149 Warbler Street', 'Lesch, Herman and Douglas', 'Sales Representative'),
(368,   1,  162,    0x5FE7B81061,   0x1A3F8B3FD3,   'Kareem Blueman', 'kbluemana7@pcworld.com', 'P4tX2CW3bCK', '494 Bobwhite Avenue', 'Sauer Inc', 'Product Engineer'),
(369,   1,  25,     0x3C74E27A11,   0x8607165EEE,   'Hanny Leffek', 'hleffeka8@unicef.org', '6Whw65ez', '750 Ridge Oak Road', 'O''Hara, Stark and Daugherty', 'Financial Advisor'),
(370,   1,  155,    0x33B116C188,   0x6E80981B8E,   'Dalt Lockyear', 'dlockyeara9@oaic.gov.au', 'yvAp4zCW0', '53500 School Drive', 'Batz-Legros', 'Legal Assistant'),
(371,   1,  102,    0xA14DC953E3,   0x67C79042EA,   'Gian Grishenkov', 'ggrishenkovaa@jiathis.com', 'NkfNhG', '3 Rusk Lane', 'Koch-Wunsch', 'Food Chemist'),
(372,   1,  422,    0x5FE7B81061,   0x1A3F8B3FD3,   'Valentine Fagence', 'vfagenceab@tinyurl.com', 'YIHYSwCuhTuR', '09414 Arkansas Drive', 'Koelpin-Mertz', 'Human Resources Manager'),
(373,   1,  23,     0x3C74E27A11,   0x8607165EEE,   'Caty Bradder', 'cbradderac@reference.com', 'O8QsUp9Aee', '938 Harbort Center', 'Ward-Luettgen', 'Senior Cost Accountant'),
(374,   1,  306,    0x33B116C188,   0x6E80981B8E,   'Joe Maseres', 'jmaseresad@github.com', '3gd90230zYN', '92 Fair Oaks Place', 'Zemlak-Langosh', 'Geologist IV'),
(375,   1,  439,    0xE324F0B274,   0x2B3C903A64,   'Lamont Blaszczynski', 'lblaszczynskiae@ycombinator.com', 'Ov2zcYH3SZHs', '0654 Chinook Hill', 'Casper-Sauer', 'Research Associate'),
(376,   1,  453,    0xD3B0EA90E2,   0x9D3718D242,   'Pietro Yurmanovev', 'pyurmanovevaf@etsy.com', 'YUdIZe', '578 Westport Way', 'Metz LLC', 'Staff Scientist'),
(377,   1,  48,     0xEC891E49A2,   0xBCBD383FFA,   'Silvana Hogbourne', 'shogbourneag@wisc.edu', 'UFMT0tzqjz', '7 Starling Way', 'Kozey, Hartmann and Welch', 'Software Consultant'),
(378,   1,  393,    0xA896EF90B3,   0xE87E91AD66,   'Lavina Scattergood', 'lscattergoodah@pen.io', 'c6rVCpXrpRm', '42667 Victoria Pass', 'Kuphal, Cole and Klein', 'Staff Accountant I'),
(379,   1,  274,    0x82164D6A44,   0xC615C67F80,   'Letti Libreros', 'llibrerosai@si.edu', 'Fk9YOfO0r', '34 Loomis Center', 'Shields and Sons', 'Payment Adjustment Coordinator'),
(380,   1,  432,    0x67B0A8B256,   0xCBDEFDF2D3,   'Beryl Arnatt', 'barnattaj@ihg.com', '8Mgrk9UUdJ', '87729 Crest Line Trail', 'Hessel, Walter and Christiansen', 'Mechanical Systems Engineer'),
(381,   1,  171,    0xA14DC953E3,   0x67C79042EA,   'Ketti Roch', 'krochak@twitter.com', 'GJuVBozXeh3', '56 Sauthoff Terrace', 'Wintheiser Group', 'Senior Sales Associate'),
(382,   1,  141,    0x5FE7B81062,   0x1A3F8B3FD3,   'Katalin Morat', 'kmoratal@intel.com', '9ondtFcqlB', '459 Ruskin Circle', 'O''Keefe-Schuppe', 'Nurse'),
(383,   1,  67,     0x3C74E27A12,   0x8607165EEE,   'Brier Spooner', 'bspooneram@sogou.com', '12loo69Lnt', '43260 Bunker Hill Terrace', 'Green-Jacobson', 'Quality Engineer'),
(384,   1,  413,    0x33B116C189,   0x6E80981B8E,   'Stacia Cleveland', 'sclevelandan@examiner.com', 'JfiIcUo', '15 Sommers Trail', 'Klein and Sons', 'Cost Accountant'),
(385,   1,  407,    0xA14DC953E3,   0x67C79042EA,   'Brynna Mooreed', 'bmooreedao@fda.gov', 'o4wJBmNSY', '48 Melody Parkway', 'Buckridge, Yost and Nitzsche', 'Human Resources Assistant III'),
(386,   1,  257,    0x5FE7B81062,   0x1A3F8B3FD3,   'Jayson Juanes', 'jjuanesap@xing.com', 'Po6Ata5', '66916 Claremont Junction', 'Huel and Sons', 'Geologist IV'),
(387,   1,  122,    0x3C74E27A12,   0x8607165EEE,   'Jewell Aspin', 'jaspinaq@sourceforge.net', 'sEJt0dlbF', '58984 Waubesa Alley', 'Hauck-Marks', 'Internal Auditor'),
(388,   1,  314,    0x33B116C189,   0x6E80981B8E,   'Nathaniel Casillas', 'ncasillasar@indiegogo.com', 'BfvINe', '575 Randy Court', 'Fisher Group', 'VP Product Management'),
(389,   1,  478,    0xE324F0B275,   0x2B3C903A65,   'Husain Collumbell', 'hcollumbellas@nih.gov', 'vBPMDtomB9yH', '233 6th Plaza', 'Smitham, Schoen and Mante', 'Systems Administrator II'),
(390,   1,  145,    0xD3B0EA90E2,   0x9D3718D243,   'Hayes Ellit', 'hellitat@disqus.com', 'KxIpxjfGg', '29 Namekagon Plaza', 'Baumbach-Casper', 'General Manager'),
(391,   1,  154,    0xEC891E49A2,   0xBCBD383FFA,   'Jackie Nason', 'jnasonau@samsung.com', 'QForG0dpMPH', '77120 Blaine Drive', 'Ziemann-Anderson', 'Senior Financial Analyst'),
(392,   1,  151,    0xA896EF90B3,   0xE87E91AD67,   'Xerxes MacPaden', 'xmacpadenav@behance.net', '0BKP8O', '5870 Shoshone Alley', 'Gutmann-Bernier', 'Electrical Engineer'),
(393,   1,  469,    0x82164D6A45,   0xC615C67F81,   'Loralie Kowalik', 'lkowalikaw@a8.net', 'tlN8qiqT5t', '95 Prairieview Park', 'Vandervort, Hahn and Jaskolski', 'Professor'),
(394,   1,  72,     0x67B0A8B257,   0xCBDEFDF2D3,   'Fancy Swiffan', 'fswiffanax@umn.edu', 'YFM40t7EYgF', '9888 Ridgeway Place', 'Lubowitz, Ratke and Leannon', 'Office Assistant IV'),
(395,   1,  387,    0xA14DC953E3,   0x67C79042EA,   'Ruthann Allans', 'rallansay@so-net.ne.jp', 'EtMinu1e', '75 Lyons Trail', 'Luettgen, Barton and Kessler', 'Executive Secretary'),
(396,   1,  339,    0x5FE7B81063,   0x1A3F8B3FD5,   'Tomasine Wailes', 'twailesaz@gnu.org', 'jJIReLqP', '12 Stone Corner Terrace', 'Kshlerin-Rau', 'Analyst Programmer'),
(397,   1,  158,    0x3C74E27A12,   0x8607165EEE,   'Griswold Grinvalds', 'ggrinvaldsb0@jalbum.net', 'Oqsn2nW9', '532 Talisman Avenue', 'Hauck-Jaskolski', 'Actuary'),
(398,   1,  47,     0x33B116C190,   0x6E80981B8E,   'Neill Potier', 'npotierb1@census.gov', 'lX9pPwp8bs', '283 Sugar Alley', 'Ondricka LLC', 'Geologist I'),
(399,   1,  56,     0xA14DC953E3,   0x67C79042EA,   'Bari Holdall', 'bholdallb2@narod.ru', 'oeHaO3jL9', '63 Coleman Crossing', 'Runte-Ferry', 'Food Chemist'),
(400,   1,  169,    0x5FE7B81063,   0x1A3F8B3FD5,   'Zulema Tolefree', 'ztolefreeb3@ovh.net', 'slqQsHiVT', '4 Randy Park', 'McKenzie and Sons', 'Senior Editor'),
(401,   1,  309,    0x3C74E27A12,   0x8607165EEE,   'Clarance Duer', 'cduerb4@seattletimes.com', 'as06MNK6e', '55 Coolidge Plaza', 'Schinner, Gottlieb and Hane', 'Web Designer II'),
(402,   1,  111,    0x33B116C190,   0x6E80981B8E,   'Veronika Zoellner', 'vzoellnerb5@answers.com', 'jB0Kzi6H3D', '58111 Corscot Pass', 'Jerde-White', 'Design Engineer'),
(403,   1,  236,    0xE324F0B276,   0x2B3C903A66,   'Arlie Praten', 'apratenb6@ca.gov', 'FKA5LH1t', '6 Mifflin Point', 'Auer LLC', 'Staff Scientist'),
(404,   1,  41,     0xD3B0EA90E2,   0x9D3718D244,   'Issiah Piolli', 'ipiollib7@etsy.com', 'rHiTbVmyz', '4 Farmco Road', 'Kuhn-Keeling', 'Pharmacist'),
(405,   1,  28,     0xEC891E49A3,   0xBCBD383FFA,   'Valentia Parncutt', 'vparncuttb8@slate.com', 'fpkpcnq', '82 Pierstorff Road', 'Wisozk LLC', 'Director of Sales'),
(406,   1,  476,    0xA896EF90B3,   0xE87E91AD68,   'Flo Caron', 'fcaronb9@rambler.ru', 'Bbl5Ir7w5v1', '474 Elgar Place', 'Fahey Group', 'Staff Accountant III'),
(407,   1,  58,     0x82164D6A46,   0xC615C67F82,   'Stormie Craker', 'scrakerba@sina.com.cn', '7dVOqDCScgR', '5773 Trailsway Road', 'Lubowitz, Koepp and Baumbach', 'Administrative Assistant III'),
(408,   1,  373,    0x67B0A8B258,   0xCBDEFDF2D3,   'Gerrilee Guthrie', 'gguthriebb@privacy.gov.au', 's5wQwK', '480 John Wall Road', 'Bins, Wilderman and Dickinson', 'Assistant Professor'),
(409,   1,  189,    0xA14DC953E3,   0x67C79042EA,   'Othilie Du Pre', 'odubc@sciencedaily.com', 'NXGWOZG', '2322 Scoville Center', 'Breitenberg-Yost', 'Quality Control Specialist'),
(410,   1,  340,    0x5FE7B81064,   0x1A3F8B3FD6,   'Dal Stowgill', 'dstowgillbd@dmoz.org', 'FVDF86Wt', '51811 Mccormick Way', 'Crona, Cole and Cronin', 'Senior Financial Analyst'),
(411,   1,  44,     0x3C74E27A12,   0x8607165EEE,   'Roselin Phair', 'rphairbe@gov.uk', '64q4mxAS', '64 Paget Alley', 'Johns Group', 'Information Systems Manager'),
(412,   1,  473,    0x33B116C191,   0x6E80981B8E,   'Romeo Aldiss', 'raldissbf@sakura.ne.jp', 'EOSLASdon0nu', '10809 Merry Point', 'Fritsch Group', 'Product Engineer'),
(413,   1,  355,    0xA14DC953E3,   0x67C79042EA,   'Alla Bickmore', 'abickmorebg@wix.com', 'nKfC0gpv0YZw', '8 Southridge Street', 'Kuhlman-Nikolaus', 'Junior Executive'),
(414,   1,  421,    0x5FE7B81064,   0x1A3F8B3FD6,   'Corey Leeming', 'cleemingbh@cisco.com', 'tN2etZ', '8 Roth Court', 'Gibson, Homenick and Nicolas', 'Research Assistant IV'),
(415,   1,  219,    0x3C74E27A12,   0x8607165EEE,   'Janenna Danett', 'jdanettbi@vimeo.com', '3ECULOEUh7', '83400 Algoma Crossing', 'Heller, Thiel and Ledner', 'Speech Pathologist'),
(416,   1,  377,    0x33B116C191,   0x6E80981B8E,   'Daffi Schult', 'dschultbj@zimbio.com', 'M1FTs23SZYS', '1814 Rutledge Road', 'Kreiger and Sons', 'Professor'),
(417,   1,  164,    0xE324F0B277,   0x2B3C903A67,   'Locke Georgins', 'lgeorginsbk@sciencedaily.com', 'dl2RrNVK0', '08049 Bobwhite Park', 'Terry and Sons', 'Health Coach I'),
(418,   1,  214,    0xD3B0EA90E3,   0x9D3718D245,   'Giulio Kyttor', 'gkyttorbl@sun.com', '2qzrxcvnQ', '033 Memorial Avenue', 'Goodwin Group', 'VP Quality Control'),
(419,   1,  193,    0xEC891E49A3,   0xBCBD383FFA,   'Arri Noddles', 'anoddlesbm@ucla.edu', 'utvxSqe', '6 Surrey Alley', 'Mertz LLC', 'Product Engineer'),
(420,   1,  500,    0xA896EF90B3,   0xE87E91AD69,   'Eleen Norrington', 'enorringtonbn@walmart.com', '0r5C66taQeAg', '6924 Anderson Hill', 'Kovacek-Walter', 'Automation Specialist IV'),
(421,   1,  50,     0x82164D6A47,   0xC615C67F83,   'Casar Fiorentino', 'cfiorentinobo@microsoft.com', '2h4X4uu1', '4192 Mayfield Circle', 'Keeling-Parisian', 'Social Worker'),
(422,   1,  347,    0x67B0A8B259,   0xCBDEFDF2D3,   'Sydelle Bussons', 'sbussonsbp@ucla.edu', 'lKS2uaE2dn6', '3400 Burrows Circle', 'Thompson, Macejkovic and Keeling', 'Research Assistant II'),
(423,   1,  351,    0xA14DC953E3,   0x67C79042EA,   'Emili De Beauchemp', 'edebq@bing.com', 'ngcsaOB', '1 Katie Street', 'Kshlerin LLC', 'Media Manager I'),
(424,   1,  223,    0x5FE7B81065,   0x1A3F8B3FD3,   'Geordie Liddiatt', 'gliddiattbr@earthlink.net', 'mpU30Ph', '20934 Manufacturers Drive', 'Herman Inc', 'Registered Nurse'),
(425,   1,  375,    0x3C74E27A12,   0x8607165EEE,   'Melisenda Haynes', 'mhaynesbs@woothemes.com', 'ufIerzVh', '50256 Havey Way', 'Hagenes and Sons', 'Engineer III'),
(426,   1,  138,    0x33B116C192,   0x6E80981B8E,   'Netti Ternault', 'nternaultbt@istockphoto.com', 'Clx3fFdYtH5', '0914 Homewood Hill', 'Ondricka-Kutch', 'Food Chemist'),
(427,   1,  361,    0xA14DC953E3,   0x67C79042EA,   'Rosana Lendon', 'rlendonbu@histats.com', 'gAS6Wn58S', '5693 Hermina Drive', 'Nienow-Morissette', 'Desktop Support Technician'),
(428,   1,  419,    0x5FE7B81065,   0x1A3F8B3FD3,   'Shelli Ecles', 'seclesbv@netvibes.com', 'uAgcbN', '18974 Carey Avenue', 'Kessler, Schuppe and Jacobi', 'Developer I'),
(429,   1,  429,    0x3C74E27A12,   0x8607165EEE,   'Nana Godart', 'ngodartbw@nba.com', 'mbYhsYRNlp', '9083 Longview Avenue', 'Ullrich, Marquardt and Watsica', 'Librarian'),
(430,   1,  165,    0x33B116C192,   0x6E80981B8E,   'Meyer Worham', 'mworhambx@forbes.com', 'NRrh2rowwh7J', '745 Calypso Terrace', 'Gleichner-Ernser', 'Actuary'),
(431,   1,  272,    0xE324F0B278,   0x2B3C903A68,   'Avrit Bonaire', 'abonaireby@mail.ru', 'Rn9r8Bf0', '177 Maple Avenue', 'Lehner and Sons', 'Project Manager'),
(432,   1,  208,    0xD3B0EA90E3,   0x9D3718D246,   'Louie Hickisson', 'lhickissonbz@sun.com', 'oUIoF2', '47 Lighthouse Bay Terrace', 'McLaughlin Inc', 'Account Representative III'),
(433,   1,  246,    0xEC891E49A3,   0xBCBD383FFA,   'Goldi Dorwood', 'gdorwoodc0@wired.com', 'xuO6t6SSg9P', '32 Lakewood Gardens Terrace', 'Schmidt-Rohan', 'Registered Nurse'),
(434,   1,  263,    0xA896EF90B3,   0xE87E91AD70,   'Moritz Compford', 'mcompfordc1@zimbio.com', '3jXFc4ANt6u', '63 Evergreen Alley', 'Blick-Christiansen', 'Human Resources Manager'),
(435,   1,  130,    0x82164D6A48,   0xC615C67F84,   'Juline Benedick', 'jbenedickc2@narod.ru', 'RVuHJTonx5x4', '12 Lighthouse Bay Parkway', 'Ward Inc', 'VP Marketing'),
(436,   1,  267,    0x67B0A8B260,   0xCBDEFDF2D3,   'Roman Cordle', 'rcordlec3@delicious.com', 'URytsu7rms', '04837 Goodland Junction', 'Christiansen, O''Connell and Kuvalis', 'Computer Systems Analyst II'),
(437,   1,  238,    0xA14DC953E3,   0x67C79042EA,   'Philip Boyce', 'pboycec4@yandex.ru', 'WD67py', '24 Morning Point', 'Feeney Group', 'Biostatistician I'),
(438,   1,  333,    0x5FE7B81066,   0x1A3F8B3FD3,   'Lucina Garham', 'lgarhamc5@opensource.org', 'V4SD1Dv4', '80 Wayridge Circle', 'Spencer, Rau and Blick', 'Senior Financial Analyst'),
(439,   1,  180,    0x3C74E27A12,   0x8607165EEE,   'Dylan Letessier', 'dletessierc6@wix.com', 'Ubr9SPMZ', '936 Porter Street', 'Schroeder Inc', 'Senior Cost Accountant'),
(440,   1,  101,    0x33B116C193,   0x6E80981B8E,   'Sheena Brenston', 'sbrenstonc7@globo.com', 'DLz0OSA', '55 Muir Point', 'Schinner, Muller and Predovic', 'Human Resources Assistant IV'),
(441,   1,  26,     0xA14DC953E3,   0x67C79042EA,   'Rodrigo Bouchier', 'rbouchierc8@bbc.co.uk', 'XLFebZFG', '631 Eastwood Junction', 'Williamson-Hirthe', 'General Manager'),
(442,   1,  483,    0x5FE7B81066,   0x1A3F8B3FD3,   'Nilson Wilkinson', 'nwilkinsonc9@reverbnation.com', 'RtI66dGrILe', '2012 Springview Terrace', 'Balistreri LLC', 'Senior Cost Accountant'),
(443,   1,  345,    0x3C74E27A12,   0x8607165EEE,   'Noe McWhirter', 'nmcwhirterca@alexa.com', 'VtCcU4Z5', '75 4th Street', 'Stokes, Veum and Prosacco', 'Sales Representative'),
(444,   1,  409,    0x33B116C193,   0x6E80981B8E,   'Edwin Alyonov', 'ealyonovcb@google.com.au', 'qnjwYFI', '2848 Continental Crossing', 'Abshire Inc', 'Help Desk Operator'),
(445,   1,  291,    0xE324F0B279,   0x2B3C903A69,   'August Hyde', 'ahydecc@dagondesign.com', 'oa95KzK', '6717 Glacier Hill Plaza', 'Mertz and Sons', 'Structural Engineer'),
(446,   1,  42,     0xD3B0EA90E3,   0x9D3718D247,   'Maribelle Yaus', 'myauscd@dropbox.com', 'HWPpnI0J1', '4 Briar Crest Alley', 'Ernser, Heidenreich and Weimann', 'Help Desk Technician'),
(447,   1,  276,    0xEC891E49A3,   0xBCBD383FFA,   'Deloria Stokell', 'dstokellce@hao123.com', '5jMgOZY', '21 Arkansas Street', 'Rogahn Group', 'VP Marketing'),
(448,   1,  149,    0xA896EF90B3,   0xE87E91AD71,   'Barnie Crewther', 'bcrewthercf@shop-pro.jp', 'mvKIuOstn7K2', '6428 Fisk Road', 'Nienow-Kuhlman', 'Assistant Media Planner'),
(449,   1,  85,     0x82164D6A49,   0xC615C67F85,   'Corenda Plumm', 'cplummcg@usda.gov', '8sJGKqmm4', '8 Barby Place', 'Feil-Pagac', 'Technical Writer'),
(450,   1,  137,    0x67B0A8B261,   0xCBDEFDF2D3,   'Halsey Tremonte', 'htremontech@chronoengine.com', 'r6C51b5uT', '7733 Helena Parkway', 'Marquardt, Bechtelar and Ondricka', 'Web Developer I'),
(451,   1,  38,     0xA14DC953E3,   0x67C79042EA,   'Cristobal Rohan', 'crohanci@abc.net.au', '1OZ5oDLze6k', '056 Bartelt Avenue', 'Bechtelar, Bradtke and Adams', 'Staff Accountant II'),
(452,   1,  84,     0x5FE7B81067,   0x1A3F8B3FD9,   'Issiah Fishbourn', 'ifishbourncj@geocities.com', 'UxuFHi4', '45588 Bowman Road', 'Hahn-Kertzmann', 'Junior Executive'),
(453,   1,  201,    0x3C74E27A12,   0x8607165EEE,   'Kiersten Coughlin', 'kcoughlinck@usgs.gov', 'clDbISA54Uo', '8860 Graedel Drive', 'Hilpert, Harris and Swaniawski', 'Accountant II'),
(454,   1,  83,     0x33B116C194,   0x6E80981B8E,   'Prentiss Cowlam', 'pcowlamcl@abc.net.au', 'RFfDsIGWBMJw', '3 Mccormick Alley', 'Nicolas Inc', 'Media Manager IV'),
(455,   1,  491,    0xA14DC953E3,   0x67C79042EA,   'Thorndike Fishleigh', 'tfishleighcm@wufoo.com', 'vSTuftC', '86893 Atwood Plaza', 'Emard, Kiehn and Wiegand', 'Senior Quality Engineer'),
(456,   1,  307,    0x5FE7B81067,   0x1A3F8B3FD3,   'Andree Biffin', 'abiffincn@tumblr.com', 'Qhgoqx', '0 Sugar Alley', 'Gerlach-Collier', 'Electrical Engineer'),
(457,   1,  414,    0x3C74E27A12,   0x8607165EEE,   'Devon Glasson', 'dglassonco@macromedia.com', 'kk2MXPYmJhE', '6 Lawn Avenue', 'Skiles Inc', 'Account Executive'),
(458,   1,  313,    0x33B116C194,   0x6E80981B8E,   'Martie Digby', 'mdigbycp@ifeng.com', 'zdG5AECHbgYR', '55 Sage Place', 'Weissnat-Simonis', 'Web Designer II'),
(459,   1,  198,    0xE324F0B280,   0x2B3C903A70,   'Wainwright Fosberry', 'wfosberrycq@fema.gov', 'dcbGc1z', '26 Bonner Lane', 'Fahey-Grimes', 'VP Product Management'),
(460,   1,  231,    0xD3B0EA90E3,   0x9D3718D248,   'Lindie Headrick', 'lheadrickcr@trellian.com', 'eswAO9gG7', '5 Corry Center', 'Corkery and Sons', 'Account Coordinator'),
(461,   1,  82,     0xEC891E49A3,   0xBCBD383FFA,   'Halli Blampy', 'hblampycs@marketwatch.com', 'T783dor2cBK', '3265 Meadow Ridge Alley', 'Rath Group', 'Computer Systems Analyst I'),
(462,   1,  250,    0xA896EF90B3,   0xE87E91AD72,   'Hermia Hannah', 'hhannahct@dot.gov', 'QTYLjH0LpB1I', '2235 Fisk Plaza', 'Parisian and Sons', 'Technical Writer'),
(463,   1,  109,    0x82164D6A50,   0xC615C67F86,   'Helge Halsall', 'hhalsallcu@irs.gov', 'xChbY4', '613 Loftsgordon Crossing', 'Prohaska, Bednar and Bernhard', 'Developer I'),
(464,   1,  15,     0x67B0A8B262,   0xCBDEFDF2D3,   'Sacha Schutze', 'sschutzecv@dion.ne.jp', '2kVwUH1R', '44 Roxbury Parkway', 'Jenkins-Hayes', 'Assistant Manager'),
(465,   1,  59,     0xA14DC953E3,   0x67C79042EA,   'Ulrick Tiffin', 'utiffincw@angelfire.com', 'G3brzx4', '09411 Briar Crest Lane', 'Stanton LLC', 'Senior Sales Associate'),
(466,   1,  114,    0x5FE7B81068,   0x1A3F8B3FD0,   'Mignonne Powter', 'mpowtercx@reference.com', 'VC9g6Ua', '51529 American Center', 'Kunze LLC', 'Data Coordiator'),
(467,   1,  247,    0x3C74E27A12,   0x8607165EEE,   'Shurlocke Andrusyak', 'sandrusyakcy@merriam-webster.com', 'kqDXmSd', '1 Ludington Street', 'Adams-O''Hara', 'Recruiting Manager'),
(468,   1,  327,    0x33B116C195,   0x6E80981B8E,   'Hagen Bellworthy', 'hbellworthycz@tinyurl.com', 'u9ruHTP3Gy4', '19938 Sutteridge Junction', 'Cremin, Wolff and Fisher', 'Human Resources Manager'),
(469,   1,  79,     0xA14DC953E3,   0x67C79042EA,   'Othelia Lister', 'olisterd0@posterous.com', 'RUtsmJjDkkA8', '25156 Almo Park', 'Miller, Krajcik and Abernathy', 'Tax Accountant'),
(470,   1,  459,    0x5FE7B81068,   0x1A3F8B3FD4,   'Jewell Cottis', 'jcottisd1@wufoo.com', 'TmtqoSp3J', '35 Vahlen Junction', 'Macejkovic LLC', 'Mechanical Systems Engineer'),
(471,   1,  492,    0x3C74E27A12,   0x8607165EEE,   'Joseito Mundwell', 'jmundwelld2@gov.uk', 'yq5WcIHkSER', '121 Mesta Place', 'Schaden Inc', 'Quality Engineer'),
(472,   1,  356,    0x33B116C195,   0x6E80981B8E,   'Ariella Costellow', 'acostellowd3@gov.uk', 'J0Bf9eA9mcRb', '09 Kingsford Center', 'Mosciski, Durgan and Bahringer', 'Human Resources Manager'),
(473,   1,  303,    0xE324F0B281,   0x2B3C903A71,   'Allison Swindells', 'aswindellsd4@google.pl', 'eVdpmja8BjM', '73 Esker Alley', 'Mills and Sons', 'Nuclear Power Engineer'),
(474,   1,  134,    0xD3B0EA90E3,   0x9D3718D249,   'Rufe Casaccio', 'rcasacciod5@amazon.co.jp', 'uyLYO091Wr49', '199 Evergreen Way', 'Dibbert-Toy', 'Registered Nurse'),
(475,   1,  496,    0xEC891E49A3,   0xBCBD383FFA,   'Alisun MacMenamy', 'amacmenamyd6@army.mil', 'NI8wEuMi', '4842 Homewood Street', 'Hartmann-Lemke', 'Safety Technician IV'),
(476,   1,  479,    0xA896EF90B3,   0xE87E91AD73,   'Gladi Ditty', 'gdittyd7@fastcompany.com', 'Ut9wEjf0rm', '5754 Union Road', 'Welch, McCullough and Nitzsche', 'Assistant Manager'),
(477,   1,  146,    0x82164D6A51,   0xC615C67F87,   'Hilary Berrow', 'hberrowd8@sina.com.cn', 'xyIBBFQ9qFu', '80 Algoma Alley', 'Cole-Wolf', 'Executive Secretary'),
(478,   1,  294,    0x67B0A8B263,   0xCBDEFDF2D4,   'Fitz Vittet', 'fvittetd9@squidoo.com', 'NlyTHVo', '46437 Continental Avenue', 'Daniel, Renner and Lebsack', 'Financial Advisor'),
(479,   1,  187,    0xA14DC953E3,   0x67C79042EA,   'Rabi Rastrick', 'rrastrickda@w3.org', 'd6vB4W5', '7716 Mallory Circle', 'Schoen-Moore', 'VP Marketing'),
(480,   1,  324,    0x5FE7B81069,   0x1A3F8B3FD4,   'Angel Peerman', 'apeermandb@nasa.gov', 'g097uVFc6u', '943 Prentice Center', 'Ferry, Raynor and Collins', 'Product Engineer'),
(481,   1,  385,    0x3C74E27A12,   0x8607165EEE,   'Pauline Hawgood', 'phawgooddc@discuz.net', 'gdVhZ6xVoCyB', '2 Green Lane', 'Rippin, Hettinger and Daugherty', 'Structural Engineer'),
(482,   1,  229,    0x33B116C196,   0x6E80981B8E,   'Christiana Bunner', 'cbunnerdd@infoseek.co.jp', 'KRIF3Lk', '1858 Corry Parkway', 'Mann-Thompson', 'Geologist II'),
(483,   1,  16,     0xA14DC953E3,   0x67C79042EA,   'Barton Razzell', 'brazzellde@narod.ru', 'mBIPl4Tc7Z', '3035 Waywood Trail', 'Boehm, Skiles and Gulgowski', 'Marketing Assistant'),
(484,   1,  226,    0x5FE7B81069,   0x1A3F8B3FD4,   'Bernhard Tonkes', 'btonkesdf@nydailynews.com', 'QFWvek', '748 Susan Way', 'Bechtelar and Sons', 'Sales Associate'),
(485,   1,  477,    0x3C74E27A12,   0x8607165EEE,   'Jasun Cudby', 'jcudbydg@prnewswire.com', 'J6jdPiG', '61 Shelley Road', 'Yundt-Hartmann', 'Actuary'),
(486,   1,  260,    0x33B116C196,   0x6E80981B8E,   'Lizette Exelby', 'lexelbydh@apache.org', 'eSG2Mn', '04654 Texas Center', 'Stanton-Conn', 'Editor'),
(487,   1,  121,    0xE324F0B282,   0x2B3C903A72,   'Madella Litherland', 'mlitherlanddi@yellowbook.com', 'prloRAl', '90298 Brentwood Junction', 'Waters-Toy', 'Executive Secretary'),
(488,   1,  471,    0xD3B0EA90E3,   0x9D3718D250,   'Cherise Dendle', 'cdendledj@blogs.com', 'T1FzzbSigC0q', '8312 Donald Pass', 'Paucek, Altenwerth and Spinka', 'Financial Analyst'),
(489,   1,  489,    0xEC891E49A3,   0xBCBD383FFA,   'Ellis Taig', 'etaigdk@un.org', '2yHHBbYp6Di9', '310 Messerschmidt Road', 'Bechtelar, Watsica and Koepp', 'Occupational Therapist'),
(490,   1,  217,    0xA896EF90B3,   0xE87E91AD74,   'Charlot Darey', 'cdareydl@mapquest.com', 'UTygm2w', '59038 Cambridge Pass', 'Runolfsdottir-Dach', 'Automation Specialist IV'),
(491,   1,  499,    0x82164D6A52,   0xC615C67F88,   'Alia Valti', 'avaltidm@timesonline.co.uk', 'R15ilzwDimJy', '3 Shelley Road', 'Becker, Stiedemann and Goldner', 'VP Product Management'),
(492,   1,  475,    0x67B0A8B264,   0xCBDEFDF2D4,   'Zarla Petric', 'zpetricdn@123-reg.co.uk', 'PwwzaDEy6a9t', '22558 Charing Cross Street', 'Gorczany, Hills and Treutel', 'Internal Auditor'),
(493,   1,  259,    0xA14DC953E4,   0x67C79042EA,   'Donnamarie Le Jean', 'dledo@europa.eu', 'CsaWc1HRw', '0915 Saint Paul Plaza', 'Smitham Group', 'Financial Advisor'),
(494,   1,  455,    0x5FE7B81070,   0x1A3F8B3FD4,   'Oriana Tixall', 'otixalldp@paginegialle.it', 'hSaARj', '76 Pond Hill', 'Rice Group', 'Electrical Engineer'),
(495,   1,  113,    0x3C74E27A12,   0x8607165EEE,   'Dimitri Riglar', 'driglardq@ox.ac.uk', 'M9lpGe', '3 Green Hill', 'Barrows, Gaylord and Harris', 'Professor'),
(496,   1,  326,    0x33B116C197,   0x6E80981B8E,   'Jarib Pechell', 'jpechelldr@thetimes.co.uk', 'yowNSBCEl', '394 Brown Road', 'McClure-Dickens', 'Account Executive'),
(497,   1,  163,    0xA14DC953E4,   0x67C79042EA,   'Aurthur Danbrook', 'adanbrookds@fotki.com', 'ecHRIo', '73749 Portage Terrace', 'Parisian-Konopelski', 'Data Coordiator'),
(498,   1,  140,    0x5FE7B81070,   0x1A3F8B3FD4,   'Rochella Guiel', 'rguieldt@blogtalkradio.com', 'rAq98YiGBztD', '5822 Fairview Alley', 'Klein, Lindgren and Pfannerstill', 'Statistician I'),
(499,   1,  366,    0x3C74E27A12,   0x8607165EEE,   'Shepard Anchor', 'sanchordu@w3.org', 'RUNtmkBfIwG1', '46 Bowman Center', 'Mills, Cummerata and Turner', 'Accounting Assistant II'),
(500,   1,  265,    0x33B116C197,   0x6E80981B8E,   'Eba Taplin', 'etaplindv@cornell.edu', 'pujR6dIIy', '0 Hauk Circle', 'Connelly, Zboncak and Carroll', 'Structural Engineer');



INSERT INTO ACTIVIDAD(id,fecha_inicio,fecha_final,id_evento,id_area,id_usuario) VALUES
    (1, '220312 08:30:00 AM' ,'220313 01:00:00 PM', 1 ,7, 9),
	(2, '220401 09:00:00 AM' ,'220401 11:00:00 AM', 3 ,4, 1),
	(3, '220402 10:45:00 AM' ,'220402 05:45:00 PM', 8 ,6, 6),
	(4, '220217 07:15:00 AM' ,'220219 09:30:00 AM', 5, 3, 4),
	(5, '220501 09:30:00 AM' ,'220501 01:30:00 PM', 7, 10, 10),
	(6, '220312 01:30:00 PM' ,'220312 07:30:00 PM', 2, 9 ,2),
	(7, '220227 02:20:00 PM' ,'220228 04:30:00 PM', 9, 4 ,5),
	(8, '220110 07:00:00 AM' ,'220115 12:00:00 PM', 4, 7, 7),
	(9, '220530 08:30:00 AM' ,'220530 10:30:00 AM', 10, 2, 4),
	(10,'220124 03:50:00 PM' ,'220127 06:50:00 PM', 6, 3, 3),
	(11,'220401 09:00:00 AM' ,'220401 11:00:00 AM', 3, 4, 9),
	(12,'220312 08:30:00 AM' ,'220313 01:00:00 PM', 1, 7, 4),
	(13,'220312 08:30:00 AM' ,'220313 01:00:00 PM', 1, 7, 6),
	(14,'220501 09:30:00 AM' ,'220501 01:30:00 PM', 7, 10, 1),
	(15,'220227 02:20:00 PM' ,'220228 04:30:00 PM', 9 ,4, 8),
	(16,'220217 07:15:00 AM' ,'220219 09:30:00 AM', 5 ,3, 7),
	(17,'220124 03:50:00 PM' ,'220127 06:50:00 PM', 6, 3, 5),
	(18,'220530 08:30:00 AM' ,'220530 10:30:00 AM', 10, 2, 2),
	(19,'220312 08:30:00 AM' ,'220313 01:00:00 PM', 1, 7, 10),
	(20,'220312 01:30:00 PM' ,'220312 07:30:00 PM', 2, 9, 8);


INSERT INTO ASISTENCIA(id_actividad, id_usuario,fecha_entrada,fecha_salida) VALUES
    (1,  9, '220312 08:30:00 AM' ,'220312 01:00:00 PM' ),
	(2,  1, '220401 09:00:00 AM' ,'220401 11:00:00 AM' ),
	(3,  6, '220402 10:45:00 AM' ,'220402 05:45:00 PM' ),
	(4,  4, '220217 07:15:00 AM' ,'220217 09:30:00 AM' ),
	(5,  10,'220501 09:30:00 AM' ,'220501 01:30:00 PM' ),
	(6,  2, '220312 01:30:00 PM' ,'220312 07:30:00 PM' ),
	(7,  5, '220227 02:20:00 PM' ,'220228 04:30:00 PM' ),
	(8,  7, '220111 07:00:00 AM' ,'220111 12:00:00 PM' ),
	(9,  4, '220530 08:30:00 AM' ,'220530 10:30:00 AM' ),
	(10, 3, '220124 03:50:00 PM' ,'220127 06:50:00 PM' ),
	(11, 9, '220401 09:00:00 AM' ,'220401 11:00:00 AM' ),
	(12, 4, '220312 08:30:00 AM' ,'220312 01:00:00 PM' ),
	(13, 6, '220312 08:30:00 AM' ,'220313 01:00:00 PM' ),
	(14, 1, '220501 09:30:00 AM' ,'220501 01:30:00 PM' ),
	(15, 8, '220227 02:20:00 PM' ,'220228 04:30:00 PM' ),
	(16, 7, '220217 07:15:00 AM' ,'220218 09:30:00 AM' ),
	(17, 5, '220125 03:50:00 PM' ,'220126 06:50:00 PM' ),
	(18, 2, '220530 08:30:00 AM' ,'220530 10:30:00 AM' ),
	(19, 10,'220312 08:30:00 AM' ,'220313 01:00:00 PM' ),
	(20, 8, '220312 01:30:00 PM' ,'220312 07:30:00 PM' );

INSERT INTO TIPO_COLECCION(id,nombre) VALUES
    	(1,  'Tesis'                  ),
	(2,  'Manuscritos'            ),
	(3,  'Libro antiguo'          ),
	(4,  'Libro moderno'          ),
	(5,  'Revistas y periódicos'  ),
	(6,  'Ciencias exactas'       ),
	(7,  'Audio y vídeo'          ), 
	(8,  'Biografía'              ),
	(9,  'Investigaciones'        ),
	(10, 'Archivos y documentales'),
	(11, 'Enciclopedias '         ),
	(12, 'Artículos'              ),
	(13,  'Bibliografías'         ),
	(14,  'Libros juveniles'      ),
	(15,  'Libros infantiles'     ),
	(16,  'Historietas'           ); 

INSERT INTO GENERO(id,nombre) VALUES
   	(1, 'Científico'              ),
	(2, 'Períodistico'            ),
	(3, 'Documental'              ),
	(4, 'Académico '              ),
	(5, 'Historia'                ),
	(6, 'Literatura clásica'      ),
	(7, 'Literatura contemporánea'), 
	(8, 'Filosófico'              ),
	(9, 'Multimedia'              ),
	(10, 'Artístico'              ),
	(11, 'Literario'              ),
	(12, 'Matématico'             );

INSERT INTO COLECCION(id,nombre,id_tipo,id_genero) VALUES
	(1,'General'       , 6 , 1),
    (2,'Nacional'      , 10, 5),
    (3,'Internacional' , 10, 5),
    (4,'Tesario'       , 1, 4),
	(5,'Hemeroteca'    , 5, 2), 
	(8,'Referencia'    , 11, 4),
	(9,'Audiovisuales' , 7, 9),
    (10,'Reserva'      , 6, 4),
	(11,'Juventud '    , 14, 11);

INSERT INTO AUTOR(id,nombre) VALUES
    (1, 'Homero'                   ),
	(2, 'Gabriel García Márquez'   ),
	(3, 'Isaac Newton'             ),
	(4, 'George B. Thomas'         ),
	(5, 'Jesús Delgado'            ),
	(6, 'Peter Whitfield'          ),
	(7, 'David Ross'               ), 
	(8, 'Carlos Bosch García'      ),
	(9, 'Felipe Clemente de Diego' ),
	(10,'Jean Breschand'           ),
	(11,'J.K. Rowling'             ),
	(12,'Ahniki'                   ),
	(13,'Marilda Aparecida Behrens'),
	(14,'Dante Alighieri'          ),
	(15,'Beverley Birch'           ),
	(16,'Charles Perrault'         );

INSERT INTO AUTOR(id,nombre) VALUES
	(17,'Miguel de Cervantes'      ),
	(18,'Charles Dickens'          ),
	(19,'J.R.R. Tolkien'           ),
	(20,'Antoine de Saint-Exupéry' ),
	(21,'Agatha Christie'          ),
	(22,'Cao Xueqin'               ),
	(23,'Lewis Carroll'            ),
	(24,'C. S. Lewis'              ),
	(25,'H. Rider Haggard'         ),
	(26,'Dan Brown'                ),
	(27,'Paulo Coelho'             ),
	(28,'J. D. Salinger'           ),
	(29,'Napoleon Hill'            ),
	(30,'Robert James Waller'      ),
	(31,'Arthur Conan Doyle'       ),
	(32,'Julio Verne'              ),
	(33,'Louise Hay'               ),
	(34,'Vladimir Nabokov'         ),
	(35,'Johanna Spyri'            ),
	(36,'Dr. Benjamin Spock'       ),
	(37,'Lucy Maud Montgomery'     ),
	(38,' Anna Sewell'             ),
	(39,'Umberto Eco'              ),
	(40,'Jack Higgins'             ),
	(41,'Richard Adams'            ),
	(42,'Shere Hite'               ), 
	(43,'E.B. White'               ),
	(44,'J. P. Donleavy'           ),
	(45,'Lew Wallace'              ),
	(46,'Johnston McCulley'        ),
	(47,' Beatrix Potter'          ),
	(48,'Richard Bach'             ),
	(49,'Eric Carlet'              ),
	(50,'Elbert Hubbard'           ),
	(51,'Jostein Gaarder'          ),
	(52,'V. C. Andrews'            ),
	(53,'Harper Lee'               ),
	(54,'Dan Brown'                ),
	(55,' Jeffrey Archer'          ),
	(56,'Nikolai Ostrovski'        ),
	(57,'León Tolstoy'             ),
	(58,'Anne Frank'               ),
	(59,'Carlo Collodi'            ),
	(60,'Wayne Dyer'               ),
	(61,'Hal Lindsey'              ),
	(62,'Colleen McCullough'       ),
	(63,'Khaled Hosseini '         ),
	(64,'Margaret Mitchell'        ),
	(65,'Rick Warren'              ),
	(66,'William Bradford Huie'    ),
	(67,'Stieg Larsson'            ),
	(68,'Aleksandr Fadéyev'        ),
	(69,'Spencer Johnson'          ),
	(70,' F. Scott Fitzgerald'     ),
	(71,'Kenneth Grahame'          ),
	(72,'Stephen R. Covey'         ),
	(73,' James Redfield'          ),
	(74,'Suzanne Collins'          ),
	(75,'John Green'               ),
	(76,'William P. Young'         ),
	(77,'Mario Puzo'               ),
	(78,'Erich Segal'              ),
	(79,'Gillian Flynn'            ),
	(80,'Paula Hawkins'            ),
	(81,'Erich Maria Remarque'     ),
	(82,'Charles Berlitz'          ),
	(83,'Chinua Achebe'            ),
	(84,'George Orwell'            ),
	(85,'Jiang Rong'               ),
	(86,'Peter Benchley'           ),
	(87,'Marilyn French'           ),
	(88,'Arlene Eisenberg'         ), 
	(89,'Charles Perrault'         );

INSERT INTO ID_BIBLIOGRAFICO(id,tipo,identificador) VALUES
    (1, 'ISBN', '9781532979685'),
	(2, 'ISBN', '9788418359286'),
	(3, 'ISBN', '9788423433322'),
	(4, 'ISBN', '9788466672276'),
	(5, 'ISBN', '9788408252856'),
	(6, 'ISBN', '9782890192087'),
	(7, 'ISBN', '9788419085726'),
	(8, 'ISBN', '9788418440342'),
	(9, 'ISBN', '9788408258360'),
	(10, 'ISBN', '9788418483448'),
	(11, 'ISBN', '9788432228544'),
	(12, 'ISBN', '9788412539523'),
	(13, 'ISBN', '9788408240662'),
	(14, 'ISBN', '9788491291916'),
	(15, 'ISBN', '9788423361564'),
	(16, 'ISBN', '9788418037429'),
	(17, 'DOI', '10.1007/978-3-642-1757' ),
	(18, 'DOI', '10.1145/1067268.1067287'),
	(19, 'DOI', '10.1912/1808-5245232.59'),
	(20, 'DOI', '10.1653/1064168.153457' ), 
	(21, 'DOI', '10.1825/197768.165637'  ), 
	(22, 'DOI', '10.1233/1756368.1763227'); 
		  
INSERT INTO EDITORIAL(id,editorial) VALUES
    (1, 'Casa del libro'), 
	(2, 'Sudamericana'),
	(3, 'CreateSpace Independent Publishing'),
	(4, 'Pearson Education'),
	(5, 'PPC'),
	(6, 'British Library'),
	(7, 'Trillas SA. DE SV.'), 
	(8, 'Les Cahiers du Cinéma'),
	(9, 'Einaudi'),
	(10,'Salamandra Infantil y Juvenil'),
	(11,'Futuropolis'),
	(12,'Revista Portuguesa De Educação' ),
	(13,'La Chispa'), 
	(14,'La Galera');

INSERT INTO IDIOMA(id,idioma) VALUES
    (1,'Español'),
	(2,'Inglés'),
	(3,'Francés'),
	(4,'Italiano'),
	(5,'Coreano'),
	(6,'Portugués');




INSERT INTO FORMATO(id,formato) VALUES
    (1,'Físico'),
	(2,'Digital');

INSERT INTO DISPONIBILIDAD_EJEMPLAR(id, disponible) VALUES
    (1,0),
	(2,1);

INSERT INTO EJEMPLAR(id,nombre,fecha_publicacion,portada,id_coleccion,id_autor,id_bibliografico,id_editorial,id_idioma,id_formato,id_disponibilidad_ejemplar) VALUES
    (1,  'La Ilíada'                                                                                 , '1921-07-13', 0xb14367f3f4,  1, 1, 1, 1, 1, 1, 1),
	(2,  'Cien años de soledad'                                                                      , '1967-06-05', 0xb7c73564d4,  1, 2, 2, 2, 1, 1, 1),
	(3,  'The principia : mathematical principles of natural philosophy'                             , '1687-07-02', 0x481e727aab,  1, 3, 3, 3, 2, 1, 1),
	(4,  'Thomas calculus'                                                                           , '2010-01-01', 0x8b3c35b12e,  10, 4, 4, 4, 2, 1, 1),
	(5,  'Oscar Arnulfo Romero: Biografía'                                                           , '1986-03-30', 0x5811f39237,  2, 5, 5, 5, 1, 1, 2),
	(6,  'The image of the world'                                                                    , '2010-07-10', 0xe8acf7da66,  5, 6, 6, 6, 2, 1, 2),
	(7,  'Teoría de las ideas de Platón'                                                             , '1986-02-28', 0x31d82f8b3e,  4, 7, 7, 1, 1, 1, 1),
	(8,  'La Técnica de investigación documental'                                                    , '1973-08-04', 0x31d82f8b3e,  4, 8, 8, 7, 1, 1, 1),
	(9,  'Derecho judicial'                                                                          , '1942-04-15', 0x6ce8e0be54,  3, 9, 9, 1, 1, 1, 1),
	(10, 'Le documentaire: l autre face du cinéma'                                                   , '2002-12-22', 0xa96368bdb6,  9 , 10, 10, 8, 3, 1, 1),
	(11, 'Harry Potter y las reliquias de la muerte'                                                 , '2007-07-14', 0x7c1b54a949,  11, 11, 11, 9, 1, 1, 1),
	(12, 'Catharsis'                                                                                 , '2009-11-27', 0x7c1b54a949,  10, 12, 12, 10, 5, 1, 1),
	(13, 'Educação Transformadora: As interconexões das teorias de Freire e Morin'                   , '2020-12-30', 0x7c1b54a949,  1, 14, 13, 12, 4, 1, 2),
	(14, 'Louis Pasteur : un jeune chimiste français fit la découverte qui révolutionna la médecine' , '1990-12-26', 0x7c1b54a949,  3, 15, 14, 13, 3, 1, 2),
	(15, 'La Cenicienta'                                                                             , '1637-11-20', 0x7c1b54a949,  11, 11, 15, 14, 1, 1, 2),
	(16, 'La Ilíada'                                                                                 , '1921-07-13', 0xb14367f3f4,  1, 1, 17, 1, 1, 2, 1),
	(17, 'Oscar Arnulfo Romero : biografía'                                                          , '1967-06-05', 0x5811f39237,  2, 5, 18, 5, 1, 2, 1),
	(18, 'La Técnica de investigación documental'                                                    , '1973-08-04', 0x31d82f8b3e,  4, 8, 19, 7, 1, 2, 2),
	(19, 'Le documentaire: l autre face du cinéma'                                                   , '2002-12-22', 0xa96368bdb6,  9, 10, 20, 8, 3, 2, 2),
	(20, 'La Divina Commedia'                                                                        , '1965-08-13', 0x7c1b54a949,  1, 14, 21, 12, 4, 2, 2),
	(21, 'La Cenicienta'                                                                             , '1637-11-20', 0x7c1b54a949,  11, 11, 22, 14, 1, 2, 2);

INSERT INTO EJEMPLAR(id,nombre,fecha_publicacion,portada,id_coleccion,id_autor,id_bibliografico,id_editorial,id_idioma,id_formato,id_disponibilidad_ejemplar) VALUES
	(22, 'Don Quijote'                                                                               , '1605-01-16', 0x3f860d2c54,  1,  17, 22, 14, 1, 1, 1),
	(23, 'Historia de dos ciudades'                                                                  , '1859-11-26', 0x830d12a668,  3,  18, 22, 14, 1, 1, 1),
	(24, 'El señor de los anillos'                                                                   , '1954-07-29', 0x7c8ee9234b,  11, 16, 22, 14, 1, 1, 1),
	(25, 'El Principito'                                                                             , '1946-04-06', 0xe04ee7c62f,  1,  19, 22, 14, 1, 1, 1),
	(26, 'Harry Potter y la piedra filosofal '                                                       , '2001-11-14', 0x40dda788e0,  11, 11, 22, 14, 1, 1, 1),
	(27, 'El Hobbit'                                                                                 , '1937-09-21', 0xc897d7f017,  1,  20, 22, 14, 1, 1, 1),
	(28, 'Diez negritos'                                                                             , '1939-11-06', 0xff518d87d9,  3,  21, 22, 14, 1, 1, 1),
	(29, 'Sueño en el pabellón rojo '                                                                , '1971-11-28', 0x7926e99dca,  3,  22, 22, 14, 1, 1, 2),
	(30, 'Las aventuras de Alicia en el país de las maravillas '                                     , '1865-11-26', 0x90b976bb4b,  11, 23, 22, 14, 1, 1, 2),
	(31, 'El león, la bruja y el armario'                                                            , '1950-10-16', 0x9fe8f4ab4c,  1,  24, 22, 14, 1, 2, 2),
	(32, 'Ella: Historia de aventuras'                                                               , '1887-03-15', 0xae0940d090,  1,  25, 22, 14, 1, 2, 1),
	(33, 'El código Da Vinci'                                                                        , '2003-03-18', 0xd16f94dfae,  1,  26, 22, 14, 1, 2, 1),
	(34, 'Harry Potter y la cámara secreta'                                                          , '2002-11-03', 0xd098120bcf,  11, 11, 22, 14, 1, 1, 2),
	(35, 'Harry Potter y el prisionero de Azkabán '                                                  , '2004-05-31', 0x0b1d3b1ea2,  11, 11, 22, 14, 1, 1, 2),
	(36, 'Harry Potter y el cáliz de fuego'                                                          , '2005-11-18', 0xc170e3cc34,  11, 11, 22, 14, 1, 2, 2),
	(37, 'Harry Potter y la orden del Fénix'                                                         , '2003-06-21', 0x53e0d44e89,  11, 11, 22, 14, 1, 2, 2),
	(38, 'Harry Potter y el misterio del príncipe'                                                   , '2009-07-15', 0x543a84166c,  11, 11, 22, 14, 1, 1, 2),
	(39, 'El Alquimista'                                                                             , '1988-11-20', 0x1ccdfacb01,  1,  27, 22, 14, 1, 2, 2),
	(40, 'El guardián entre el centeno'                                                              , '1951-07-16', 0x3270d4ad0c,  1,  28, 22, 14, 1, 1, 2),
	(41, 'Piense y hágase rico'                                                                      , '1937-10-02', 0xa9c64582f2,  1,  29, 22, 14, 1, 1, 1),
	(42, 'Los puentes de Madison'                                                                    , '1992-08-10', 0xca4840964d,  1,  30, 22, 14, 1, 1, 1),
	(43, 'Las aventuras de Sherlock Holmes '                                                         , '1892-10-14', 0xea3719df2,   1,  31, 22, 14, 1, 1, 1),
	(44, '20.000 lenguas de viaje submarino '                                                        , '1870-11-26', 0x3f890594fc,  5,  32, 22, 14, 1, 2, 1),
	(45, 'Usted puede sanar su vida'                                                                 , '1984-02-15', 0x9c788a9c77,  1,  33, 22, 14, 1, 1, 1),
	(46, 'Lolita'                                                                                    , '1955-09-20', 0x38add86a32,  1,  34, 22, 14, 1, 1, 1),
	(47, 'Heidi'                                                                                     , '1881-11-20', 0xa976626b86,  1,  35, 22, 14, 1, 1, 1),
	(48, 'El libro del sentido del común del cuidado de bebés y niños'                               , '1946-07-14', 0x220d92b2e2,  1,  36, 22, 14, 1, 1, 1),
	(49, 'Ana de las Tejas Verdes'                                                                   , '1908-10-30', 0xe6f800d360,  1,  37, 22, 14, 1, 1, 1),
	(50, 'Azabache'                                                                                  , '1877-11-24', 0x196921c72d,  11, 38, 22, 14, 1, 1, 1),
	(51, 'Ha llegado el águila '                                                                     , '1976-12-25', 0x7f7a1f6d61,  1,  39, 22, 14, 1, 1, 1),
	(52, 'La colina de Watership '                                                                   , '1972-11-01', 0xf151969f63,  3,  40, 22, 14, 1, 1, 1),
	(53, 'El informe Hite '                                                                          , '1976-02-20', 0xa70635db6a,  3,  41, 22, 14, 1, 1, 1),
	(54, 'La red de Charlotte '                                                                      , '2016-03-17', 0xd18f985e89,  1,  42, 22, 14, 1, 1, 1),
	(55, '.El hombre de mazapán '                                                                    , '1955-11-20', 0xe0f1039b5c,  1,  43, 22, 14, 1, 1, 2),
	(56, 'Ben-Hur  '                                                                                 , '1880-11-12', 0x396b68be7e,  1,  44, 22, 14, 1, 1, 2),
	(57, 'La máscara del Zorro '                                                                     , '1998-10-24', 0xa2e580d5cb,  1,  45, 22, 14, 1, 2, 2),
	(58, 'El cuento de Perico, el conejo travieso'                                                   , '1901-12-16', 0x5ae3107697,  1,  46, 22, 14, 1, 2, 1),
	(59, 'La Odisea '                                                                                , '1921-07-23', 0xfc3e2307cf,  10, 47, 22, 14, 1, 1, 2),
	(60, 'Juan Salvador Gaviota  '                                                                   , '1970-11-20', 0x2822d0c14e,  1,  48, 22, 14, 1, 1, 1),
	(61, 'La pequeña oruga glotona  '                                                                , '1637-11-20', 0x02712b3610,  11, 49, 22, 14, 1, 2, 1),
	(62, 'Un mensaje a García '                                                                      , '1969-06-03', 0xa62784822b,  1,  50, 22, 14, 1, 1, 2),
	(63, 'El mundo de Sofía '                                                                        , '1637-11-20', 0xf5b25d2da2,  1,  51, 22, 14, 1, 2, 1),
	(64, 'Flores en el ático '                                                                       , '1991-12-05', 0x95d8091445,  1,  52, 22, 14, 1, 2, 2),
	(65, 'Matar a un ruiseñor '                                                                      , '1960-07-11', 0x40876b55ef,  1,  53, 22, 14, 1, 1, 2),
	(66, 'Ángeles y demonios'                                                                        , '2009-05-13', 0x97a4c84229,  1,  54, 22, 14, 1, 1, 1),
	(67, 'Kane y Abel '                                                                              , '1979-06-30', 0x23647082a4,  1,  55, 22, 14, 1, 1, 1),
	(68, 'Así se templó el acero  '                                                                  , '1934-11-22', 0xa22ee83dc6,  1,  56, 22, 14, 1, 2, 1),
	(69, 'Guerra y paz'                                                                              , '1867-01-20', 0xc82c472554,  2,  57, 22, 14, 1, 1, 1),
	(70, 'El diario de Ana Frank '                                                                   , '1947-06-25', 0x84e97983bb,  10, 58, 22, 14, 1, 1, 2),
	(71, 'Las aventuras de Pinocho'                                                                  , '1883-08-27', 0xb8dc1f29c5,  11, 59, 22, 14, 1, 1, 1),
	(72, 'Tus zonas erróneas  '                                                                      , '1976-08-01', 0x152aa26a0e,  1,  60, 22, 14, 1, 2, 1),
	(73, 'La agonía del gran planeta Tierra  '                                                       , '1970-11-02', 0x05f254db78,  5,  61, 22, 14, 1, 2, 1),
	(74, 'El pájaro espino'                                                                          , '1977-04-20', 0x8093c2273e,  1,  62, 22, 14, 1, 1, 1),
	(75, 'Cometas en el cielo'                                                                       , '2003-05-29', 0xae1e9a318f,  5,  63, 22, 14, 1, 1, 1),
	(76, 'El símbolo perdido'                                                                        , '2009-09-15', 0x713c5a327b,  5,  64, 22, 14, 1, 1, 2),
	(77, 'Lo que el viento se llevó'                                                                 , '1940-01-17', 0xed184dc00e,  1,  65, 22, 14, 1, 1, 2),
	(78, 'Una vida con propósito '                                                                   , '2022-11-20', 0xbadac90906,  1,  66, 22, 14, 1, 1, 1),
	(79, 'La rebeldía de la Sra. Stover '                                                            , '1956-05-11', 0x5af8687f17,  11, 67, 22, 14, 1, 1, 1),
	(80, 'La Guardia Joven'                                                                          , '1946-03-05', 0xfbb8c4736b,  1,  68, 22, 14, 1, 1, 1),
	(81, '¿Quién se ha llevado mi queso? '                                                           , '1988-09-08', 0xdb04fe6f4f,  1,  69, 22, 14, 1, 1, 1),
	(82, 'El gran Gatsby'                                                                            , '2013-05-01', 0x2a44f48cb4,  1,  70, 22, 14, 1, 1, 1),
	(83, 'El viento en los sauces'                                                                   , '1908-04-01', 0xc96fb4143a,  1,  71, 22, 14, 1, 1, 2),
	(84, 'Los siete hábitos de la gente altamente efectiva '                                         , '1989-08-15', 0x27c8c486fb,  10, 72, 22, 14, 1, 1, 1),
	(85, 'Las nueve revelaciones '                                                                   , '1993-11-20', 0xda9e7cdad8,  10, 73, 22, 14, 1, 1, 2),
	(86, 'Los juegos del hambre'                                                                     , '2008-09-14', 0x3b51fd5133,  11, 74, 22, 14, 1, 1, 2),
	(87, 'Bajo la misma estrella'                                                                    , '2012-01-10', 0x8d00af20ac,  11, 75, 22, 14, 1, 1, 2),
	(88, 'La cabaña'                                                                                 , '2007-05-20', 0xd9bb0d16da,  10, 76, 22, 14, 1, 1, 1),
	(89, 'El padrino'                                                                                , '1969-03-10', 0xf03ccc9665,  10, 77, 22, 14, 1, 1, 1),
	(90, 'Love Story '                                                                               , '1970-02-14', 0xa3164e441c,  1,  78, 22, 14, 2, 1, 1),
	(91, 'Perdida'                                                                                   , '2002-05-24', 0x7a81830baa,  1,  79, 22, 14, 1, 1, 1),
	(92, 'La chica del tren'                                                                         , '2015-01-06', 0xf327ba2339,  1,  80, 22, 14, 1, 1, 2),
	(93, 'Sin novedad en el frente'                                                                  , '1920-12-19', 0x1cf3c80220,  1,  81, 22, 14, 1, 1, 1),
	(94, 'El triángulo de las Bermudas '                                                             , '1987-11-20', 0xd15d2a4f6a,  5,  82, 22, 14, 1, 1, 1),
	(95, 'Todo se desmorona'                                                                         , '1958-08-14', 0xaa4b128a4c,  1,  83, 22, 14, 1, 1, 1),
	(96, 'Rebelión en la granja'                                                                     , '1945-08-17', 0x80a2437964,  1,  84, 22, 14, 1, 1, 2),
	(97, 'Tótem Lobo'                                                                                , '2004-04-20', 0xeb909cda1d,  3,  85, 22, 14, 1, 1, 1),
	(98, 'Tiburón'                                                                                   , '1974-02-27', 0xe66b0ab450,  1,  86, 22, 14, 1, 1, 1),
	(99, 'Sólo para mujeres '                                                                        , '2006-11-20', 0x26f0a83fb8,  1,  87, 22, 14, 1, 1, 1),
	(100, 'Qué esperar cuando se está esperando '                                                    , '1991-01-16', 0x1a958c7b1b,  10, 88, 22, 14, 1, 1, 1);


INSERT INTO RESERVA_EJEMPLAR(id_usuario,id_ejemplar,fecha_reserva, fecha_devolucion) VALUES
    (1, 9,'220325 02:30:00 PM','220408  10:05:00 AM'),
	(2, 10,'220405 08:45:00 AM','220411 09:33:00 AM'),
	(3, 7,'220512 08:22:00 AM','220523 07:29:00 AM'),
	(4, 4,'220327 01:40:00 PM','220329 02:12:00 PM'),
	(5, 8,'220407 07:15:00 AM','220411 03:06:00 PM'),
	(6, 16,'220603 08:18:00 AM','220616 02:30:00 PM'),
	(7, 1,'220323 09:40:00 AM','220301 10:56:00 AM'),
	(8, 2,'220318 07:58:00 AM','220324 04:20:00 PM'),
	(9, 3,'220312 09:23:00 PM','220317 01:33:00 PM'),
	(10, 12,'220418 07:30:00 AM','220424 02:31:00 PM');


INSERT INTO PRESTAMO_EJEMPLAR(id_usuario,id_ejemplar,fecha_prestamo,fecha_devolucion) VALUES
    (1, 4,'220315 09:30:00 AM','220325 02:30:00 PM'),
	(2, 8,'220312 07:45:00 AM','220321 09:40:00 AM'),
	(3, 2,'220401 08:32:00 AM','220314 07:25:00 AM'),
	(4, 10,'220327 02:40:00 PM','220329 04:33:00 PM'),
	(5, 16,'220507 07:42:00 AM','220513 01:06:00 PM'),
	(6, 3,'220212 08:14:00 AM','220219 08:30:00 AM'),
	(7, 7,'220423 07:40:00 AM','220428 11:56:00 AM'),
	(8, 12,'220503 10:58:00 AM','220307 02:30:00 PM'),
	(9, 1,'220113 04:30:00 PM','220328 08:23:00 AM'),
	(10, 9,'220318 08:30:00 AM','220324 03:36:00 PM');

INSERT INTO PALABRA_CLAVE(id,etiqueta,id_ejemplar) VALUES 
    (1 ,'Guerra de Troya'             , 1),
	(2 ,'Aquiles'                     , 1),
	(3 ,'Epopeya griega'              , 1),
	(4 ,'Antigua Grecia'              , 1),
	(5 ,'dioses del Olimpo'           , 1),
	(6 ,'Familia Buendía'             , 2),
	(7 ,'Macondo'                     , 2), 
	(8 ,'Guerra civil'                , 2),
	(9 ,'Coronel Aureliano'           , 2),
	(10,'Cien años de soledad'        , 2),
	(11 ,'History of science'         , 3),
	(12,'Laws of motion'              , 3),
	(13,'Law of universal gravitation', 3),
	(14,'Physics'                     , 3),
	(15,'Science'                     , 3),
	(16,'Engineering'                 , 4),
	(17,'Transcendental Functions'    , 4),
	(18,'Techniques of Integration'   , 4),
	(19,'Derivatives'                 , 4),
	(20,'Integrals'                   , 4),
	(21,'Sacerdote católico'          , 5),
	(22,'Arzobispo '                  , 5),
	(23,'Defensor de los derechos'    , 5),
	(24,'Iglesia Católica '           , 5),
	(25,'Beato Óscar Romero'          , 5),
	(26,'Two thousand years'          , 6),
	(27,'Maps'                        , 6),
	(28,'Image of the World'          , 6),
	(29,'History of world'            , 6),
	(30,'Circular world map'          , 6),
	(31,'filosofía platónica'         , 7),
	(32,'Teoría de las formas'        , 7),
	(33,'Pensador revolucionario'     , 7),
	(34,'Teoría de las ideas'         , 7),
	(35,'Bibliografía'                , 7),
	(36,'Planteamiento del problema'  , 8),
	(37,'investigación documental'    , 8),
	(38,'Métodos'                     , 8),
	(39,'Referencias'                 , 8),
	(40,'Objeto de estudio'           , 8),
	(41,'Doctrinas'                   , 9),
	(42,'Ordenamientos'               , 9),
	(43,'Análisis sistemático'        , 9),
	(44,'Función jurisdiccional'      , 9),
	(45,'Normas jurídicas'            , 9),
	(46,'Fiction '                    , 10),
	(47,'Documentaire'                , 10),
	(48,'Capture d image'             , 10),
	(49,'Télévision les pratique,'    , 10),
	(50,'Histoire du documentaire'    , 10),
	(51,'Hogwarts'                    , 11),
	(52,'Secreto del poder'           , 11),
	(53,'Varita de Saúco'             , 11),
	(54,'Capa de Invisibilidad'       , 11),
	(55,'Piedra de la Resurrección'   , 11),
	(56,'See voices in colours'       , 12), 
	(57,'High school student'         , 12),
	(58,'Nightmares'                  , 12),
	(59,'Monsters'                    , 12),
	(60,'Synesthesia'                 , 12),
	(61,'Prática pedagógica'          , 13),
	(62,'fundamentos epistemológicos' , 13),
	(63,'Educação Transformadora'     , 13),
	(64,'Pensamento complexo'         , 13),
	(65,'Reforma de pensamento'       , 13),
	(66,'Révolutionna la médecine'    , 14),
	(67,'Fermentation'                , 14),
	(68,'Microbiologie'               , 14),
	(69,'Substances chimiques'        , 14),
	(70,'Génération spontanée'        , 14),
	(71,'Hermanastras'                , 15),
	(72,'Princesa'                    , 15),
	(73,'Hada mágica'                 , 15),
	(74,'Hechizo'                     , 15),
	(75,'Príncipe'                    , 15);


