USE BD_BINAES_2022;

-- 

INSERT INTO EVENTO(id,titulo,asistentes,imagen) VALUES 
    (1 ,'Taller sobre Libros electronicos: uso y aprovechamiento', 75, 0x86f0566281),
	(2 ,'Capacitación sobre ZOTERO: software sobre referencias bibliográficas', 23, 0x4b2742ce7f),
	(3 ,'Capacitación para el desarrollo de competencias del Talento Humano', 58, 0xa2ce6afa6a),
	(4 ,'Cinefórum sobre la historia de la Guerra civil en El Salvador', 100, 0xbdd2ee5b72),
	(5 ,'Foro sobre "El vitalismo desde el punto de vista de Alberto Masferrer"', 88, 0x108bf667b3),
	(6 ,'Foro de divulgación de ciencia y tecnología', 25, 0xdf888d1f02),
	(7 ,'Debate sobre la digitalización del patrinomio cultural', 45, 0xa3e39a9f63),
	(8 ,'Cinefórum: Derechos humanos y personas mayores', 76, 0x550a0385bc),
	(9 ,'Jornada de entrenamiento en el uso de recursos online', 115, 0x5e3bb52393),
	(10,'Exposición sobre la literatura en El Salvador', 90, 0x3d941fb9f1);

	INSERT INTO EVENTO(id,titulo,asistentes,imagen) VALUES 
	(11,'Ferias de Actualización Bibliográfica'                                                                        , 65, 0x55bc3686f6),
	(12,'Venta de Bibliografía Básica'                                                                                 , 35, 0xfcb9f108e0),
	(13,'Foro sobre Clara Campoamor Rodriguez: mujer y ciudadana (1888-1972)'                                          , 74, 0xb01781cbc2),
	(14,'El marqués de Santillana. Imágenes y letras'                                                                  , 164,0x39c3deda32),
	(15,'Cuanto sé de mí. José Hierro en su centenario (1922-2022)'                                                    , 18, 0x39865cdee3),
	(16,'Antonio de Nebrija (c. 1444-1522): "El orgullo de ser gramáticor"'                                            , 64, 0xee39bfe779),
	(17,'Feria de Libros y Recursos Electrónicos 2022'                                                                 , 86, 0xbb0711c261),
	(18,'Ciclo de Escritores Latinoamericanos'                                                                         , 46, 0xb5c1430398),
	(19,'El amor por la lectura y los Clubs de Lectura'                                                                , 85, 0xcf7d613aff),
	(20,'Capacitación para la Gestión Editorial de Revistas Electrónicas'                                              , 43, 0xc407bd0bab),
	(21,'Lectura de poesía de escritores salvadoreños'                                                                 , 121,0x604b2374db),
	(22,'Seminario "Impulsando el desarrollo de las bibliotecas escolares"'                                            , 65, 0x61351a9d0d),
	(23,'Taller "Biblioteca escolar: Leer es un juego, más allá del tablero"'                                          , 70, 0xb2f87ad95b),
	(24,'Club de lectura. “La ciudad de los cuentos”'                                                                  , 87, 0xd786c74fef),
	(25,'Programa: Enfoque de género en las bibliotecas: Un Espacio de Encuentro para todos y todas'                   , 40, 0xd908967459),
	(26,'Cinefórum: Yawar Wanka'                                                                                       , 75, 0xc708516917),
	(27,'Conversatorio Biblioteca y sociedad: fortaleciendo lazos culturales'                                          , 64, 0x723ec87275),
	(28,'Convocatoria Dibujo Infantil 2022'                                                                            , 72, 0xbe2db6048b),
	(29,'Mesa de diálogo: Centenario de un andar. Ulysses'                                                             , 53, 0xe15d9addf3),
	(30,'Presentación: “El libro de los reyes de Ferdowsí: La gran épica persa traducida al español'                   , 26, 0x06c8ce06ff),
	(31,'Conferencia: El lector del mundo y sus libros: la biblioteca perdida de Hernando Colón'                       , 73, 0x5b04bc00ea),
	(32,'Presentación del libro: “Pautas para el desarrollo y la evaluación de proyectos digitales en las humanidades”', 167,0x5454bc173d),
	(33,'Exposición Historia y destino de la Bibliografía Salvadoreña'                                                 , 126,0x8795f9f2f5),
	(34,'Exposición Memoria Viva del Libro'                                                                            , 90, 0xcff227ba99),
	(35,'Curso Literatura fantástica en Hispanoamérica'                                                                , 38, 0xa9ca737fac),
	(36,'Curso: “¿Basada en hechos reales? Novela histórica, historia y biografía'                                     , 80, 0x9cf275a848),
	(37,'Curso Latín Básico 2022'                                                                                      , 34, 0x4079e4a4a2),
	(38,'Curso Literatura fantástica en España'                                                                        , 35, 0xd961ddb275),
	(39,'Exposición: "La prensa en la conformación de la cultura nacional"'                                            , 78, 0x08d3f5de4d),
	(40,'Conversatorio: ¿Cómo una idea se convierte en una librería?'                                                  , 36, 0x52f732f83b),
	(41,'Exposición sobre Kâulak: fotógrafo, pintor y escritor'                                                        , 94, 0x6e51a11895),
	(42,'Taller de biografia: La Re-construcción de una vida'                                                          , 35, 0x01ae5a229e),
	(43,'Taller de lectura: el velo de la escritura'                                                                   , 142,0x199b336ed41),
	(44,'Seminario de novela breve'                                                                                    , 110,0xfafc18fccb),
	(45,'Taller de lectura y escritura de poesía "Modernos y modernísimos: ¡al poema le incumbe todo!"'                , 54, 0x962375548b),
	(46,'Club de lectura de literatura salvadoreña y extranjera'                                                       , 70, 0x0a2d4987e0),
	(47,'Taller de cine y literatura IV: La razón de la sinrazón'                                                      , 41, 0xfdef7a0f25),
	(48,'Curso “Maestros del pensamiento”'                                                                             , 90, 0x72ab647d53),
	(49,'Taller “Herramientas para cuento y novela”'                                                                   , 76, 0xb02abb9ca4),
	(50,'Taller de lectura de narrativa latinoamericana contemporánea.'                                                , 68, 0x6ace759fd8),
	(51,'Curso “Saberes de la opresión, saberes de la emancipación"'                                                   , 86, 0xe54ab1ae56),
	(52,'Curso-taller “Crónicas viajeras. Invitación a la escritura del mundo”'                                        , 65, 0x396905857a),
	(53,'Curso “Michel Foucault y la historia de la filosofía”'                                                        , 26, 0x9953f05eca),
	(54,'Taller “Herramientas para cuento y novela”'                                                                   , 45, 0x5fa499d504),
	(55,'Taller de escritura para jóvenes'                                                                             , 65, 0xfaeaf31675),
	(56,'Curso “Sicilia y sus escritores”'                                                                             , 52, 0x41bd131928),
	(57,'Taller de diarios y cartas. ¿Cómo abordar dos géneros anacrónicos en el presente?'                            , 13, 0xc69195c1ff),
	(58,'Curso “Filosofía y literatura: afinidades electivas”'                                                         , 68, 0x9e194a383e),
	(59,'Curso “Leer para escribir: Virginia Woolf y la creación de un punto de vista inusual”'                        , 98, 0x8486075b8c),
	(60,'Curso “Dos reyes, dos laberintos”. Encuentros entre cine y literatura III'                                    , 142,0xcd42a4d8a8),
	(61,'Foro: Explorando los materiales cartográficos y fotográficos de la Biblioteca Nacional'                       , 56, 0x5b5caac35d),
	(62,'Seminario-taller “El humor como práctica y experiencia. Sobre viñeta, historieta e intervención humorística"' , 78, 0x86857df179),
	(63,'Taller conociendo las herramientas del catálogo en línea de la Biblioteca Nacional'                           , 40, 0xbf05262ae8),
	(64,'Curso-taller: Crónicas viajeras. Invitación a la escritura del mundo'                                         , 102,0x1dfce7f797),
	(65,'Taller: Cómo encontrar poesía en el motor de un auto'                                                         , 105,0x25ad590e78),
	(66,'Taller de iniciación en la ficción'                                                                           , 54, 0xeaa64103b8),
	(67,'Curso: Problemas históricos abordados desde cinematografías nacionales y extranjeras'                         , 70, 0x6776ca53cd),
	(68,'Curso: La ciencia ficción desde sus orígenes hasta la actualidad'                                             , 84, 0xd635ef0e58),
	(69,'Curso: El escritor y sus personajes'                                                                          , 67, 0xfe0cd8ba03),
	(70,'Curso: Encuentros entre cine y literatura'                                                                    , 60, 0x38ac9d8db3),
	(71,'Conferencia "Franceses en la revolución del 25 de Mayo de 1809"'                                              , 76, 0xe2204120f9),
	(72,'Exposición “Códices de México e Inventarios del Mundo”'                                                       , 37, 0xcb150f4ed3),
	(73,'Curso de Epigrafía Maya'                                                                                      , 94, 0x6764e16c58),
	(74,'Exposición: Diálogos en el arte salvadoreño 1900-2017'                                                        , 66, 0x08daa637e2),
	(75,'Foro sobre las mujeres en la independencia de Centroamérica'                                                  , 73, 0x548f193e2c),
	(76,'Seminario internacional: “Cuidado,violencia y políticas públicas para la niñez y adolescencia”'               , 20, 0x3b847d938b),
	(77,'Foro Contando lo Invisible, primero las Niñas'                                                                , 50, 0xaf7a539e16),
	(78,'Taller de lectura: Los amigos de Shakespeare'                                                                 , 98, 0x2bf4a2843a),
	(79,'Foro: "La producción Artesanal en El Salvador"'                                                               , 113,0x9e1355a276),
	(80,'Foro: "La nueva Era de Empresas Sociales en El Salvador"'                                                     , 53, 0x9aaa70699d),
	(81,'Cinefórum: Conociendo la historia de Alfredo Espino en la literatura'                                         , 52, 0x8f411fdc97),
	(82,'Conversatorio virtual: “Participación: una reflexión desde la ciudadanía”'                                    , 96, 0x488db5b706),
	(83,'Exposición: Unidos por la cultura'                                                                            , 65, 0x1568cd0b8b),
	(84,'"Foro Innovación y Conocimiento sobre Turismo Accesible"'                                                     , 74, 0x23afcda6b6),
	(85,'"Presentación de libro: «Lo que queda de la noche"'                                                           , 36, 0xb6265a7a55),
	(86,'Foro: Las vanguardias poéticas latinoamericanas'                                                              , 46, 0xe6b6215cb1),
	(87,'Taller de dibujo secuencial '                                                                                 , 73, 0x1308e4ab5f),
	(88,'Taller infantil para la elaboración de cortina con botellas'                                                  , 120,0x6d19b5571a),
	(89,'Taller Mini reporteros'                                                                                       , 40, 0x7e39e6103f),
	(90,'Foro: Fortaleciendo capacidades sociales y culturales para reducir las brechas de desigualdad en El Salvador' , 60, 0x371c4381c0),
	(91,'Taller de edición de wikipedia'                                                                               , 64, 0x7c9fd000c0),
	(92,'Taller de Escritura Creativa'                                                                                 , 35, 0x6888bb4c2e),
	(93,'Taller: Restauración de libros'                                                                               , 64, 0x685e5d9b9b),
	(94,'Conversatorio Podcast y Memoria Histórica'                                                                    , 90, 0x8b3216313d),
	(95,'Taller: Cartas para reescribir la violencia'                                                                  , 54, 0x12d4b3253e),
	(96,'III Encuentro de poesía de San Salvador'                                                                      , 50, 0xb4ca8b11f8),
	(97,'Exposición: La batalla del volcán'                                                                            , 75, 0x4982d38714),
	(98,'Taller de Introducción a la Investigación Operativa'                                                          , 60, 0x41983dbf79),
	(99,'Taller: La comunicación a través del juego'                                                                   , 90, 0xd8b435015f),
	(100,'Taller para contar cuentos'                                                                                  , 122,0x0eb18a1ab1);

INSERT INTO OBJETIVO_EVENTO(id,objetivo,id_evento) VALUES
    (1,'Promover la alfabetización digital y facilitar el acceso a las TICs a los miembros de la sociedad', 1),
	(2,'Posibilitar la gestión y el uso de citaciones bibliograficas, brindar las posibilidades que brinda ZOTERO como gestor bibliografico', 2),
	(3,'Garantizar la agilidad frente a la computadora, implementando tecnicas que haría más eficiente el trabajo del usuario', 3),
	(4,'Conocer y reflexionar sobre los principales motivos por el cual se desarrollo este conflicto belico en El Salvador', 4),
	(5,'Explanar sobre los principios fundamentales de la Educacion Vitalista que propuso Alberto Masferrer a la sociedad', 5),
	(6,'Incitar la divulgación científica y tecnologica a través de la utilización de estrategias que promuevan un mejor desarrollo de la calidad de vida', 6),
	(7,'Exponer la relevancia actual de las técnicas y estudios destinados a la digitalización del patrimonio cultural', 7),
	(8,'Incitar el respeto de los derechos de las personas mayores en una perspectiva actual.', 8),
	(9,'Conocer e implentar estrategias de recuperación de información en bases de datos científicas.', 9 ),
	(10,'Conocer acerca de las principales manifestaciones de la literatura en El Salvador y sus máximos exponentes', 10);

INSERT INTO HORARIO(id,dias,horas) VALUES
    (1,  'Lunes a Viernes'             ,'8:00-17:00'),
	(2,  'Lunes a Domingo'             ,'8:00-17:00'),
	(3,  'Lunes, miércoles y viernes'  ,'7:00-21:00'),
	(4,  'Martes y Jueves'             ,'8:00-13:00'),
	(5,  'Martes, Jueves y Sábado'     ,'9:00-14:00'),
	(6,  'Lunes, Martes y Miércoles'   ,'7:00-18:00'),
	(7,  'Lunes,Martes,Jueves,Viernes' ,'7:00-20:00'),
	(8,  'Sábado'                      ,'8:00-12:00'),
	(9,  'Lunes a Viernes'             ,'8:00-17:45'),
	(10, 'Lunes a sábado'              ,'9:00-21:00');

INSERT INTO DISPONIBILIDAD_AREA(id,disponible) VALUES
    (1, 0),
	(2, 1);

INSERT INTO RESPONSABLE(id,nombre) VALUES
    (1, 'Aura Ivette Morales'),
	(2, 'Gerald Jose Zelaya'),
	(3, 'Roxana Alvarenga de Nerio'),
	(4, 'Franklin Ricardo Abrego'),
	(5, 'Karla Paola Martínez'),
	(6, 'Jaime Esaú Rivera'),
	(7, 'Cristian Marcel Menjívar'),
	(8, 'Gloria Vanessa Estrada'),
	(9, 'Francisco Antonio Mejía'),
	(10, 'Maria Alejandra Arce');

INSERT INTO AREA(id,nombre,descripcion, piso, id_horario,id_responsable, id_disponibilidad_area) VALUES 
    (1, 'Salones lúdicos'                 ,'Área con capacidad para 65 personas, cuenta con espacios recreativos, 3 rincones de lecturas para incentivar la comunicación a ninños y niñas a temprana edad '              , 1, 2, 10, 2),
	(2, 'Área de biblioteca'              ,'Cuenta con 250 puestos de lectura y un sector destinado al servicio de acceso a Internet'                                                                                    , 2, 4, 9, 2),
	(3, 'Auditórium '                     ,'Área moderna con capacidad máxima de 358 personas, diseñado y equipado para presentar diversas actividades artísticas, culturales y educativas'                              , 1, 1, 8, 1),
	(4, 'Área de computación'             ,'Área con capacidad para 70 personas, el cual posee cubículos individuales con ordenadores y 8 terminales de autoconsulta'                                                    , 1, 3, 7, 2),
	(5, 'Sala de investigación'           ,'Cuenta con 50 mesas para estudio e investigación provistos con equipos informáticos con acceso a Internet, '                                                                 , 4, 6, 6, 2),
	(6, 'Área de promoción de inclusión'  ,'Posee 20 equipos, 10 de ellos adaptados para personas con discapacidad, salas de lectura adecuadas, líneas Braïlle, lupas y colecciones de audiolibros.'                     , 1, 9, 5, 2),
	(7, 'Sala de proyección'              ,'Área equipada con 15 mesas y 5 ordenadores en cada mesa, material bibliografico básico recomendado en las asignaturas, así mismo cuenta con una capacidad para 200 personas' , 2, 7, 4, 1),
	(8, 'Área de la biblioteca'           ,'Posee mesas de trabajo individual, cubículo-sofá con pantalla para trabajo en grupo, butacas y 5 ordenadores para consulta de cátalogo virtual'                              , 4, 5, 3, 2),
	(9, 'Área de computación'             ,'Cuenta con 25 equipos para alumnos y uno para el profesor. También disponen de pantalla, pizarra, proyector, conexión WIFI y webcam.'                                        , 3, 10, 2, 2),
	(10, 'Sala de proyección'             ,'Cuenta con 10 mesas y 8 sillas cada mesa, 5 ordenadores disponibles para consultas, conexión WIFI, Webcam y Conexiones HDMI.'                                                , 3, 8, 1, 2);

INSERT INTO ROL(id,rol) VALUES 
    (1,'Administrador'),
    (2,'Usuario'      );

INSERT INTO USUARIO(id,nombre,email,foto,cod_qr,direccion,institucion,ocupacion,id_rol_usuario,id_telefono,password_user) VALUES
    (1, 'Miguel Alejandro Navarro' , 'AleNavarro12@bandesal.gob.sv', 0xe324f0b249, 0x2b3c903a39, '87 Ave. Sur, No. 13, Colonia Escalón',                          'Banco de Desarrollo de la República de El Salvador', 'Director de planificación y desarrollo institucional',               2, 3, HASHBYTES('SHA2_256','PASSWORD')),
	(2, 'Daniela Michelle Torres'  , 'MichelleTorres@hotmail.com'  , 0xd3b0ea90e2, 0x9d3718d217, 'Avenida Monseñor Romero y Final Calle 5 de Noviembre, No. 117', 'Fondo social para la vivienda'                     , 'Analista en gestión ambiental',                                      1, 6, HASHBYTES('SHA2_256','PASSWORD')),
	(3, 'Martín Elías Acosta'      , 'Martin@isss.gob.sv'          , 0xec891e49a3, 0xbcbd383ffa, 'Alameda Juan Pablo II y 39 Avenida Norte, No.23',               'Instituto Salvadoreño del Seguro Social'           , 'Subdirector General del ISSS',                                       1, 5, HASHBYTES('SHA2_256','PASSWORD')),
	(4, 'Valeria Alexandra Escobar', 'Valeria-Escobar@ujmd.edu.sv' , 0xa896ef90b5, 0xe87e91ad41, '81 Avenida Norte, entre 7a y 9a Calle Poniente #162',           'Universidad Dr. José Matías Delgado'               , 'Directora de la Facultad de Cultura General “Francisco Gavidia”',    2, 7, HASHBYTES('SHA2_256','PASSWORD')),
	(5, 'Adriana Carolina Martinez', 'AdrianaMa2018@fonaes.gob.sv' , 0x82164d6a19, 0xc615c67f55, 'Calle La Reforma, Casa #230, Colonia San Benito',               'Fondo Ambiental de El Salvador'                    , 'Técnica de prensa y redacción',                                      2, 1, HASHBYTES('SHA2_256','PASSWORD')),
	(6, 'Carlos Gustavo Sánchez'   , 'Carlos.gustavo1@gmail.com'   , 0x67b0a8b231, 0xcbdefdf2d8, '99 Avenida Norte y final 9a Calle Poniente Bis # 624',          'Consejo Salvadoreño de la Agroindustria Azucarera' , 'Técnico Agroindustrial',                                             2, 10, HASHBYTES('SHA2_256','PASSWORD')),
	(7, 'Adyni Arleht Pocasangre'  , 'AdyniPocasangre@hotmail.com' , 0xa14dc953e7, 0x67c79042ea, 'Boulevard del Hipódromo No. 444, Colonia San Benito',           'Superintendencia del Sistema Financiero'           , 'Coordinador del Departamento de Supervisión de Bancos Cooperativos', 1, 2, HASHBYTES('SHA2_256','PASSWORD')),
	(8, 'Carlos Eduardo Grande'    , 'Carlos.Grande@hotmail.com'   , 0x5fe7b81037, 0x1a3f8b3fd9, 'Boulevard Sergio Vieira de Mello No. 243, San Francisco',       'Consejo Superior de Salud Pública'                 , 'Coordinador de Gestión Documental y Archivo',                        2, 4, HASHBYTES('SHA2_256','PASSWORD')),
	(9, 'Iris Yanet Aguilar'       , 'Iris.yanet@seguridad.gob.sv' , 0x3c74e27a95, 0x8607165eee, 'Bulevar Tutunichapa, Casa N° 510',                              'Dirección General de Centros Penales'              , 'Directora del Consejo Criminológico Nacional',                       2, 8, HASHBYTES('SHA2_256','PASSWORD')),
	(10, 'José Luis Menjívar'      , 'Jose.Menjivar@gmail.com'     , 0x33b116c164, 0x6e80981b8e, 'Calle El Mirador, entre 87 y 89 Av. Norte, No.12',              'Registro Nacional de las Personas Naturales'       , 'Asesor jurídico',                                                    2, 9, HASHBYTES('SHA2_256','PASSWORD'));

INSERT INTO USUARIO (id, id_rol_usuario, id_telefono, nombre, email, password_user, direccion, institucion, ocupacion, foto, cod_qr) VALUES
    (11,    2,  142,	    'Astra Vineall',    	'avinealla@ucoz.ru',            	'Qb7GmvD',  	'19 Heffernan Crossing',        'Yost-Kling',   	                'Director of Sales'         ,   0xe324f0b249    ,   0x2b3c903a39    ),
    (12,    2,  205,	    'Shane Benediktovich',	'sbenediktovichb@theguardian.com',	'xpe0i4h4',	    '94404 Ronald Regan Street',    'Hills-Ryan',                   	'Nuclear Power Engineer'    ,   0xd3b0ea90e2    ,   0x9d3718d217    ),
    (13,    2,  177,	    'Selena Rusted',    	'srustedc@ehow.com',            	'dWSjM6BvoRW',	'81 8th Alley',	                'McKenzie, Gerhold and Hagenes',	'Assistant Professor'       ,   0xec891e49a3    ,   0xbcbd383ffa    ),
    (14,    2,  460,	    'Bethany Niess',    	'bniessd@ehow.com',             	'nQzvcGPfBMl',	'09 Ohio Court',        	    'Hane Group',               	    'Pharmacist'                ,   0xa896ef90b5    ,   0xe87e91ad41    ),
    (15,    2,  116,	    'Tracey Kahler',    	'tkahlere@cisco.com',           	'ZuQuVL',	    '58 Raven Plaza',	            'Gutmann and Sons',         	    'Recruiter'                 ,   0x82164d6a19    ,   0xc615c67f55    ),
    (16,    2,  261,	    'Arabela Emmert',   	'aemmertf@typepad.com',         	'yr9Zx5h',	    '5 4th Avenue',	                'Lynch, Franecki and Cormier',	    'Assistant Manager'         ,   0x67b0a8b231    ,   0xcbdefdf2d8    ),
    (17,    2,  29,	        'Gradey Targe',     	'gtargeg@wix.com',              	'VDPuSv',   	'57726 Forest Dale Terrace',	'Morar Group',	                    'Help Desk Operator'        ,   0xa14dc953e7    ,   0x67c79042ea    ),
    (18,    2,  299,	    'Olivie Baston',    	'obastonh@spotify.com',         	'F8rGXMl',  	'01 Stuart Road',	            'Mitchell, Conn and Abernathy',	    'Computer Systems Analyst I',   0x5fe7b81037    ,   0x1a3f8b3fd9    ),
    (19,    2,  379,	    'Huntlee Lyal',     	'hlyali@kickstarter.com',       	'ibfR7v',   	'8 Shopko Point',	            'Rice, Murray and Rath',	        'Associate Professor'       ,   0x3c74e27a95    ,   0x8607165eee    ),
    (20,    2,  20,	        'Olwen Ivanishin',  	'oivanishinj@furl.net',         	'S9OkJp',   	'69 Jana Trail',	            'Runolfsson, Harris and Turcotte',	'Civil Engineer'            ,   0x33b116c164    ,   0x6e80981b8e    ),
    (21,    2,  76,	        'Allistir Vanichev',    'avanichevk@mozilla.org',       	'PJRIaH',   	'2 Eagan Drive',	            'Schumm-Hirthe',	                'Research Associate'        ,   0xa14dc953e7    ,   0x67c79042ea    ),
    (22,    2,  452,	    'Lucille Lamberto', 	'llambertol@omniture.com',      	'fO0b1d',   	'1 Anniversary Circle',     	'Wilkinson, Considine and Witting',	'Senior Developer'          ,   0x5fe7b81037    ,   0x1a3f8b3fd9    ),
    (23,    2,  277,	    'Jimmy Fayerman',   	'jfayermanm@phpbb.com',         	'Ki90wkFEvj0p',	'0416 Oriole Park',         	'Hartmann Group',	                'Senior Cost Accountant'    ,   0x3c74e27a95    ,   0x8607165eee    ),
    (24,    2,  21,	        'Kelila Gibbie',    	'kgibbien@rakuten.co.jp',    	    '0gFD74MZbNZn',	'0 Gulseth Parkway',	        'Bergstrom-Cronin', 	            'Staff Scientist'           ,   0x33b116c164    ,   0x6e80981b8e    );


INSERT INTO TELEFONO(id,telefono) VALUES
    (2, '+50375689023'),
	(8, '+50323612089'),
	(1, '+50378750184'),
	(9, '+50361207843'),
	(7, '+50325891267'),
	(3, '+50371988811'),
	(5, '+50375917682'),
	(6, '+50326063456'),
	(4, '+50376892492'),
	(10,'+50368971485');

INSERT INTO TELEFONO (id, telefono) VALUES 
(11,     '+50366702235'),
(12,     '+50364130213'),
(13,     '+50363723560'),
(14,     '+50369339635'),
(15,     '+50366961231'),
(16,     '+50362058103'),
(17,     '+50367469154'),
(18,     '+50369219281'),
(19,     '+50364264311'),
(20,     '+50367304937'),
(21,     '+50367765082'),
(22,     '+50361087066'),
(23,     '+50366520589'),
(24,     '+50366233019'),
(25,     '+50365904852'),
(26,     '+50368240231'),
(27,     '+50369159146'),
(28,     '+50364981574'),
(29,     '+50361570472'),
(30,     '+50369575258'),
(31,     '+50368528177'),
(32,     '+50368321151'),
(33,     '+50368446456'),
(34,     '+50364396921'),
(35,     '+50364214958'),
(36,     '+50369401146'),
(37,     '+50365201697'),
(38,     '+50364725953'),
(39,     '+50367559409'),
(40,     '+50365160020'),
(41,     '+50361551521'),
(42,     '+50367213388'),
(43,     '+50364866546'),
(44,     '+50361781966'),
(45,     '+50361329409'),
(46,     '+50365408283'),
(47,     '+50364338618'),
(48,     '+50364629907'),
(49,     '+50364772419'),
(50,     '+50363192098'),
(51,     '+50366230685'),
(52,     '+50361384017'),
(53,     '+50361863988'),
(54,     '+50364171437'),
(55,     '+50367581080'),
(56,     '+50365948706'),
(57,     '+50364905937'),
(58,     '+50363770004'),
(59,     '+50367736251'),
(60,     '+50367414252'),
(61,     '+50364455578'),
(62,     '+50366179664'),
(63,     '+50363928423'),
(64,     '+50361759621'),
(65,     '+50368557009'),
(66,     '+50363405683'),
(67,     '+50363653270'),
(68,     '+50368557987'),
(69,     '+50369307728'),
(70,     '+50363755417'),
(71,     '+50362361009'),
(72,     '+50365626007'),
(73,     '+50361873213'),
(74,     '+50368229952'),
(75,     '+50368295861'),
(76,     '+50365709081'),
(77,     '+50362470581'),
(78,     '+50365909042'),
(79,     '+50361927710'),
(80,     '+50365845448'),
(81,     '+50364306037'),
(82,     '+50362872065'),
(83,     '+50362133830'),
(84,     '+50366333066'),
(85,     '+50367655726'),
(86,     '+50363560163'),
(87,     '+50362232002'),
(88,     '+50366187982'),
(89,     '+50369097919'),
(90,     '+50364885538'),
(91,     '+50367353275'),
(92,     '+50363995782'),
(93,     '+50365814006'),
(94,     '+50363853008'),
(95,     '+50365197441'),
(96,     '+50366245175'),
(97,     '+50364594731'),
(98,     '+50369004491'),
(99,     '+50368964626'),
(100,    '+50365042661'),
(101,    '+50361633762'),
(102,    '+50367237006'),
(103,    '+50366932703'),
(104,    '+50378902041'),
(105,    '+50376598619'),
(106,    '+50376460383'),
(107,    '+50373407589'),
(108,    '+50371835393'),
(109,    '+50375553373'),
(110,    '+50372358734'),
(111,    '+50373292798'),
(112,    '+50372676826'),
(113,    '+50374173109'),
(114,    '+50373639302'),
(115,    '+50371470081'),
(116,    '+50375295792'),
(117,    '+50373415462'),
(118,    '+50373262483'),
(119,    '+50372855771'),
(120,    '+50378031245'),
(121,    '+50371973367'),
(122,    '+50376188856'),
(123,    '+50375654724'),
(124,    '+50376809757'),
(125,    '+50379643502'),
(126,    '+50375087918'),
(127,    '+50375322758'),
(128,    '+50371019887'),
(129,    '+50376323126'),
(130,    '+50376360576'),
(131,    '+50374664259'),
(132,    '+50372895522'),
(133,    '+50379205174'),
(134,    '+50376204392'),
(135,    '+50376433607'),
(136,    '+50378437407'),
(137,    '+50375371825'),
(138,    '+50375554402'),
(139,    '+50372886514'),
(140,    '+50379435401'),
(141,    '+50371633213'),
(142,    '+50376480894'),
(143,    '+50373692711'),
(144,    '+50377354343'),
(145,    '+50377302027'),
(146,    '+50376033024'),
(147,    '+50379428576'),
(148,    '+50376802294'),
(149,    '+50374997698'),
(150,    '+50375625324'),
(151,    '+50378390931'),
(152,    '+50372590983'),
(153,    '+50377100820'),
(154,    '+50378984640'),
(155,    '+50374055563'),
(156,    '+50374732078'),
(157,    '+50371366709'),
(158,    '+50379212077'),
(159,    '+50377632647'),
(160,    '+50378849349'),
(161,    '+50379759001'),
(162,    '+50371662906'),
(163,    '+50371878606'),
(164,    '+50375015376'),
(165,    '+50374584037'),
(166,    '+50379247036'),
(167,    '+50378899914'),
(168,    '+50377668368'),
(169,    '+50375651618'),
(170,    '+50376088036'),
(171,    '+50372040990'),
(172,    '+50378819734'),
(173,    '+50378118851'),
(174,    '+50376723750'),
(175,    '+50379131969'),
(176,    '+50373425253'),
(177,    '+50374877642'),
(178,    '+50371416501'),
(179,    '+50378416719'),
(180,    '+50373144416'),
(181,    '+50371422770'),
(182,    '+50371970697'),
(183,    '+50377372979'),
(184,    '+50376002181'),
(185,    '+50376527363'),
(186,    '+50377387838'),
(187,    '+50378436991'),
(188,    '+50376549474'),
(189,    '+50376952530'),
(190,    '+50371370562'),
(191,    '+50374108415'),
(192,    '+50371249771'),
(193,    '+50379539860'),
(194,    '+50372290044'),
(195,    '+50375977576'),
(196,    '+50374524647'),
(197,    '+50377424115'),
(198,    '+50375274447'),
(199,    '+50377405316'),
(200,    '+50379562598'),
(201,    '+50375611695'),
(202,    '+50373266612'),
(203,    '+50373980542'),
(204,    '+50379948008'),
(205,    '+50376700728'),
(206,    '+50378683076'),
(207,    '+50372374600'),
(208,    '+50371379212'),
(209,    '+50379137918'),
(210,    '+50377970083'),
(211,    '+50373425153'),
(212,    '+50379113807'),
(213,    '+50371287641'),
(214,    '+50373544175'),
(215,    '+50372119560'),
(216,    '+50373796597'),
(217,    '+50372342530'),
(218,    '+50373997241'),
(219,    '+50372311088'),
(220,    '+50374174200'),
(221,    '+50376926066'),
(222,    '+50377547729'),
(223,    '+50376125394'),
(224,    '+50372740228'),
(225,    '+50371402174'),
(226,    '+50376073848'),
(227,    '+50373087373'),
(228,    '+50371600080'),
(229,    '+50371799100'),
(230,    '+50373468887'),
(231,    '+50373485037'),
(232,    '+50371678720'),
(233,    '+50372098545'),
(234,    '+50376889354'),
(235,    '+50371919304'),
(236,    '+50372151652'),
(237,    '+50373830171'),
(238,    '+50379102931'),
(239,    '+50373619197'),
(240,    '+50379844988'),
(241,    '+50376757421'),
(242,    '+50375902031'),
(243,    '+50371406326'),
(244,    '+50376960145'),
(245,    '+50371757849'),
(246,    '+50371568917'),
(247,    '+50374924227'),
(248,    '+50377257064'),
(249,    '+50376998137'),
(250,    '+50373264724'),
(251,    '+50374185296'),
(252,    '+50378187904'),
(253,    '+50374051967'),
(254,    '+50377144789'),
(255,    '+50371007640'),
(256,    '+50373658208'),
(257,    '+50375636915'),
(258,    '+50375677098'),
(259,    '+50378380210'),
(260,    '+50377649318'),
(261,    '+50372198701'),
(262,    '+50379200193'),
(263,    '+50377065961'),
(264,    '+50372017324'),
(265,    '+50378121669'),
(266,    '+50378227089'),
(267,    '+50375769462'),
(268,    '+50371242083'),
(269,    '+50372694668'),
(270,    '+50373511180'),
(271,    '+50378340470'),
(272,    '+50378858855'),
(273,    '+50371276639'),
(274,    '+50371445787'),
(275,    '+50378591055'),
(276,    '+50372339124'),
(277,    '+50378912665'),
(278,    '+50375427159'),
(279,    '+50378578311'),
(280,    '+50377244236'),
(281,    '+50375783065'),
(282,    '+50372737611'),
(283,    '+50378887743'),
(284,    '+50373791302'),
(285,    '+50373316018'),
(286,    '+50373421984'),
(287,    '+50377888655'),
(288,    '+50378242713'),
(289,    '+50371457119'),
(290,    '+50373936927'),
(291,    '+50375491217'),
(292,    '+50375229554'),
(293,    '+50375837338'),
(294,    '+50373209537'),
(295,    '+50373525016'),
(296,    '+50376945533'),
(297,    '+50374996750'),
(298,    '+50377817210'),
(299,    '+50379077160'),
(300,    '+50375383707'),
(301,    '+50376446490'),
(302,    '+50378255703'),
(303,    '+50379314479'),
(304,    '+50374315494'),
(305,    '+50376546635'),
(306,    '+50376470825'),
(307,    '+50374543959'),
(308,    '+50378358283'),
(309,    '+50377774751'),
(310,    '+50371196814'),
(311,    '+50378135508'),
(312,    '+50373041208'),
(313,    '+50379106272'),
(314,    '+50379870271'),
(315,    '+50374158957'),
(316,    '+50374607649'),
(317,    '+50371062078'),
(318,    '+50375435762'),
(319,    '+50377683157'),
(320,    '+50377213668'),
(321,    '+50378767321'),
(322,    '+50375750618'),
(323,    '+50371339817'),
(324,    '+50372819057'),
(325,    '+50372737382'),
(326,    '+50375346543'),
(327,    '+50371055437'),
(328,    '+50376045735'),
(329,    '+50378083230'),
(330,    '+50374011595'),
(331,    '+50378740041'),
(332,    '+50372176021'),
(333,    '+50375398935'),
(334,    '+50376871225'),
(335,    '+50378920050'),
(336,    '+50375752926'),
(337,    '+50379151861'),
(338,    '+50379350064'),
(339,    '+50372028955'),
(340,    '+50377099960'),
(341,    '+50375013540'),
(342,    '+50378306236'),
(343,    '+50372695458'),
(344,    '+50378813347'),
(345,    '+50378342200'),
(346,    '+50378956231'),
(347,    '+50373230530'),
(348,    '+50379711403'),
(349,    '+50379283325'),
(350,    '+50377906536'),
(351,    '+50377739093'),
(352,    '+50375304774'),
(353,    '+50375890892'),
(354,    '+50378611643'),
(355,    '+50379821529'),
(356,    '+50371061795'),
(357,    '+50377353201'),
(358,    '+50375362142'),
(359,    '+50377524812'),
(360,    '+50372232101'),
(361,    '+50379459960'),
(362,    '+50371409027'),
(363,    '+50378573975'),
(364,    '+50374225740'),
(365,    '+50377478680'),
(366,    '+50375249134'),
(367,    '+50372087388'),
(368,    '+50373526120'),
(369,    '+50374360492'),
(370,    '+50373599164'),
(371,    '+50378861447'),
(372,    '+50377648101'),
(373,    '+50378589096'),
(374,    '+50377881202'),
(375,    '+50376736205'),
(376,    '+50372071731'),
(377,    '+50379660611'),
(378,    '+50371547688'),
(379,    '+50371617242'),
(380,    '+50373625575'),
(381,    '+50374888106'),
(382,    '+50375928649'),
(383,    '+50377829991'),
(384,    '+50376966318'),
(385,    '+50373721078'),
(386,    '+50372385034'),
(387,    '+50378540893'),
(388,    '+50372790336'),
(389,    '+50377515101'),
(390,    '+50372826391'),
(391,    '+50374119742'),
(392,    '+50373535582'),
(393,    '+50378513037'),
(394,    '+50374672050'),
(395,    '+50371849724'),
(396,    '+50375575571'),
(397,    '+50378832472'),
(398,    '+50377810279'),
(399,    '+50379137905'),
(400,    '+50374201491'),
(401,    '+50375028042'),
(402,    '+50371204503'),
(403,    '+50379451510'),
(404,    '+50372037214'),
(405,    '+50373422022'),
(406,    '+50376336793'),
(407,    '+50372764749'),
(408,    '+50379947988'),
(409,    '+50371817480'),
(410,    '+50376861323'),
(411,    '+50377591462'),
(412,    '+50371722090'),
(413,    '+50377028183'),
(414,    '+50377069894'),
(415,    '+50373016156'),
(416,    '+50373800329'),
(417,    '+50374153000'),
(418,    '+50374758408'),
(419,    '+50378699993'),
(420,    '+50377239333'),
(421,    '+50374558310'),
(422,    '+50377058460'),
(423,    '+50371231366'),
(424,    '+50379656991'),
(425,    '+50371848787'),
(426,    '+50379149357'),
(427,    '+50371507246'),
(428,    '+50379766383'),
(429,    '+50371094810'),
(430,    '+50378704453'),
(431,    '+50371006706'),
(432,    '+50375127725'),
(433,    '+50379327709'),
(434,    '+50376341261'),
(435,    '+50379198606'),
(436,    '+50377952846'),
(437,    '+50379147197'),
(438,    '+50375147287'),
(439,    '+50378852782'),
(440,    '+50373990684'),
(441,    '+50373657533'),
(442,    '+50376287955'),
(443,    '+50375429083'),
(444,    '+50371844737'),
(445,    '+50373221201'),
(446,    '+50373771782'),
(447,    '+50377836839'),
(448,    '+50373599769'),
(449,    '+50378875455'),
(450,    '+50377539393'),
(451,    '+50372144412'),
(452,    '+50374075529'),
(453,    '+50375904296'),
(454,    '+50377241762'),
(455,    '+50373424330'),
(456,    '+50374941328'),
(457,    '+50374019715'),
(458,    '+50376211639'),
(459,    '+50371793121'),
(460,    '+50374010532'),
(461,    '+50376863687'),
(462,    '+50374788442'),
(463,    '+50372742616'),
(464,    '+50373004645'),
(465,    '+50371030561'),
(466,    '+50378789587'),
(467,    '+50372310951'),
(468,    '+50376240984'),
(469,    '+50376335589'),
(470,    '+50371876352'),
(471,    '+50376653470'),
(472,    '+50379500826'),
(473,    '+50372767455'),
(474,    '+50378454622'),
(475,    '+50375751188'),
(476,    '+50378608763'),
(477,    '+50376498520'),
(478,    '+50371217986'),
(479,    '+50371365959'),
(480,    '+50373965842'),
(481,    '+50375377054'),
(482,    '+50374631909'),
(483,    '+50372251761'),
(484,    '+50374095570'),
(485,    '+50379515539'),
(486,    '+50376264364'),
(487,    '+50374888249'),
(488,    '+50376729272'),
(489,    '+50375259477'),
(490,    '+50373752946'),
(491,    '+50373976116'),
(492,    '+50376898457'),
(493,    '+50372037938'),
(494,    '+50376784173'),
(495,    '+50377832299'),
(496,    '+50374075756'),
(497,    '+50372788775'),
(498,    '+50373111222'),
(499,    '+50373023147'),
(500,    '+50376181895');

INSERT INTO ACTIVIDAD(id,fecha_inicio,fecha_final,id_evento,id_area,id_usuario) VALUES
    (1, '220312 08:30:00 AM' ,'220313 01:00:00 PM', 1 ,7, 9),
	(2, '220401 09:00:00 AM' ,'220401 11:00:00 AM', 3 ,4, 1),
	(3, '220402 10:45:00 AM' ,'220402 05:45:00 PM', 8 ,6, 6),
	(4, '220217 07:15:00 AM' ,'220219 09:30:00 AM', 5, 3, 4),
	(5, '220501 09:30:00 AM' ,'220501 01:30:00 PM', 7, 10, 10),
	(6, '220312 01:30:00 PM' ,'220312 07:30:00 PM', 2, 9 ,2),
	(7, '220227 02:20:00 PM' ,'220228 04:30:00 PM', 9, 4 ,5),
	(8, '220110 07:00:00 AM' ,'220115 12:00:00 PM', 4, 7, 7),
	(9, '220530 08:30:00 AM' ,'220530 10:30:00 AM', 10, 2, 4),
	(10,'220124 03:50:00 PM' ,'220127 06:50:00 PM', 6, 3, 3),
	(11,'220401 09:00:00 AM' ,'220401 11:00:00 AM', 3, 4, 9),
	(12,'220312 08:30:00 AM' ,'220313 01:00:00 PM', 1, 7, 4),
	(13,'220312 08:30:00 AM' ,'220313 01:00:00 PM', 1, 7, 6),
	(14,'220501 09:30:00 AM' ,'220501 01:30:00 PM', 7, 10, 1),
	(15,'220227 02:20:00 PM' ,'220228 04:30:00 PM', 9 ,4, 8),
	(16,'220217 07:15:00 AM' ,'220219 09:30:00 AM', 5 ,3, 7),
	(17,'220124 03:50:00 PM' ,'220127 06:50:00 PM', 6, 3, 5),
	(18,'220530 08:30:00 AM' ,'220530 10:30:00 AM', 10, 2, 2),
	(19,'220312 08:30:00 AM' ,'220313 01:00:00 PM', 1, 7, 10),
	(20,'220312 01:30:00 PM' ,'220312 07:30:00 PM', 2, 9, 8);



INSERT INTO ASISTENCIA(id_actividad, id_usuario,fecha_entrada,fecha_salida) VALUES
    (1,  9, '220312 08:30:00 AM' ,'220312 01:00:00 PM' ),
	(2,  1, '220401 09:00:00 AM' ,'220401 11:00:00 AM' ),
	(3,  6, '220402 10:45:00 AM' ,'220402 05:45:00 PM' ),
	(4,  4, '220217 07:15:00 AM' ,'220217 09:30:00 AM' ),
	(5,  10,'220501 09:30:00 AM' ,'220501 01:30:00 PM' ),
	(6,  2, '220312 01:30:00 PM' ,'220312 07:30:00 PM' ),
	(7,  5, '220227 02:20:00 PM' ,'220228 04:30:00 PM' ),
	(8,  7, '220111 07:00:00 AM' ,'220111 12:00:00 PM' ),
	(9,  4, '220530 08:30:00 AM' ,'220530 10:30:00 AM' ),
	(10, 3, '220124 03:50:00 PM' ,'220127 06:50:00 PM' ),
	(11, 9, '220401 09:00:00 AM' ,'220401 11:00:00 AM' ),
	(12, 4, '220312 08:30:00 AM' ,'220312 01:00:00 PM' ),
	(13, 6, '220312 08:30:00 AM' ,'220313 01:00:00 PM' ),
	(14, 1, '220501 09:30:00 AM' ,'220501 01:30:00 PM' ),
	(15, 8, '220227 02:20:00 PM' ,'220228 04:30:00 PM' ),
	(16, 7, '220217 07:15:00 AM' ,'220218 09:30:00 AM' ),
	(17, 5, '220125 03:50:00 PM' ,'220126 06:50:00 PM' ),
	(18, 2, '220530 08:30:00 AM' ,'220530 10:30:00 AM' ),
	(19, 10,'220312 08:30:00 AM' ,'220313 01:00:00 PM' ),
	(20, 8, '220312 01:30:00 PM' ,'220312 07:30:00 PM' );


INSERT INTO DISPONIBILIDAD_EJEMPLAR(id, disponible) VALUES
    (1,0),
	(2,1);

INSERT INTO AUTOR(id,nombre) VALUES
    (1, 'Homero'                   ),
	(2, 'Gabriel García Márquez'   ),
	(3, 'Isaac Newton'             ),
	(4, 'George B. Thomas'         ),
	(5, 'Jesús Delgado'            ),
	(6, 'Peter Whitfield'          ),
	(7, 'David Ross'               ), 
	(8, 'Carlos Bosch García'      ),
	(9, 'Felipe Clemente de Diego' ),
	(10,'Jean Breschand'           ),
	(11,'J.K. Rowling'             ),
	(12,'Ahniki'                   ),
	(13,'Marilda Aparecida Behrens'),
	(14,'Dante Alighieri'          ),
	(15,'Beverley Birch'           ),
	(16,'Charles Perrault'         );

	INSERT INTO AUTOR(id,nombre) VALUES
	(17,'Miguel de Cervantes'      ),
	(18,'Charles Dickens'          ),
	(19,'J.R.R. Tolkien'           ),
	(20,'Antoine de Saint-Exupéry' ),
	(21,'Agatha Christie'          ),
	(22,'Cao Xueqin'               ),
	(23,'Lewis Carroll'            ),
	(24,'C. S. Lewis'              ),
	(25,'H. Rider Haggard'         ),
	(26,'Dan Brown'                ),
	(27,'Paulo Coelho'             ),
	(28,'J. D. Salinger'           ),
	(29,'Napoleon Hill'            ),
	(30,'Robert James Waller'      ),
	(31,'Arthur Conan Doyle'       ),
	(32,'Julio Verne'              ),
	(33,'Louise Hay'               ),
	(34,'Vladimir Nabokov'         ),
	(35,'Johanna Spyri'            ),
	(36,'Dr. Benjamin Spock'       ),
	(37,'Lucy Maud Montgomery'     ),
	(38,' Anna Sewell'             ),
	(39,'Umberto Eco'              ),
	(40,'Jack Higgins'             ),
	(41,'Richard Adams'            ),
	(42,'Shere Hite'               ), 
	(43,'E.B. White'               ),
	(44,'J. P. Donleavy'           ),
	(45,'Lew Wallace'              ),
	(46,'Johnston McCulley'        ),
	(47,' Beatrix Potter'          ),
	(48,'Richard Bach'             ),
	(49,'Eric Carlet'              ),
	(50,'Elbert Hubbard'           ),
	(51,'Jostein Gaarder'          ),
	(52,'V. C. Andrews'            ),
	(53,'Harper Lee'               ),
	(54,'Dan Brown'                ),
	(55,' Jeffrey Archer'          ),
	(56,'Nikolai Ostrovski'        ),
	(57,'León Tolstoy'             ),
	(58,'Anne Frank'               ),
	(59,'Carlo Collodi'            ),
	(60,'Wayne Dyer'               ),
	(61,'Hal Lindsey'              ),
	(62,'Colleen McCullough'       ),
	(63,'Khaled Hosseini '         ),
	(64,'Margaret Mitchell'        ),
	(65,'Rick Warren'              ),
	(66,'William Bradford Huie'    ),
	(67,'Stieg Larsson'            ),
	(68,'Aleksandr Fadéyev'        ),
	(69,'Spencer Johnson'          ),
	(70,' F. Scott Fitzgerald'     ),
	(71,'Kenneth Grahame'          ),
	(72,'Stephen R. Covey'         ),
	(73,' James Redfield'          ),
	(74,'Suzanne Collins'          ),
	(75,'John Green'               ),
	(76,'William P. Young'         ),
	(77,'Mario Puzo'               ),
	(78,'Erich Segal'              ),
	(79,'Gillian Flynn'            ),
	(80,'Paula Hawkins'            ),
	(81,'Erich Maria Remarque'     ),
	(82,'Charles Berlitz'          ),
	(83,'Chinua Achebe'            ),
	(84,'George Orwell'            ),
	(85,'Jiang Rong'               ),
	(86,'Peter Benchley'           ),
	(87,'Marilyn French'           ),
	(88,'Arlene Eisenberg'         ), 
	(89,'Charles Perrault'         );


INSERT INTO ID_BIBLIOGRAFICO(id,tipo,identificador) VALUES
    (1, 'ISBN', '9781532979685'),
	(2, 'ISBN', '9788418359286'),
	(3, 'ISBN', '9788423433322'),
	(4, 'ISBN', '9788466672276'),
	(5, 'ISBN', '9788408252856'),
	(6, 'ISBN', '9782890192087'),
	(7, 'ISBN', '9788419085726'),
	(8, 'ISBN', '9788418440342'),
	(9, 'ISBN', '9788408258360'),
	(10, 'ISBN', '9788418483448'),
	(11, 'ISBN', '9788432228544'),
	(12, 'ISBN', '9788412539523'),
	(13, 'ISBN', '9788408240662'),
	(14, 'ISBN', '9788491291916'),
	(15, 'ISBN', '9788423361564'),
	(16, 'ISBN', '9788418037429'),
	(17, 'DOI', '10.1007/978-3-642-1757' ),
	(18, 'DOI', '10.1145/1067268.1067287'),
	(19, 'DOI', '10.1912/1808-5245232.59'),
	(20, 'DOI', '10.1653/1064168.153457' ), 
	(21, 'DOI', '10.1825/197768.165637'  ), 
	(22, 'DOI', '10.1233/1756368.1763227'); 
		  
INSERT INTO FORMATO(id,formato) VALUES
    (1,'Físico'),
	(2,'Digital');

 INSERT INTO IDIOMA(id,idioma) VALUES
    (1,'Español'),
	(2,'Inglés'),
	(3,'Francés'),
	(4,'Italiano'),
	(5,'Coreano'),
	(6,'Portugués');


INSERT INTO EDITORIAL(id,editorial) VALUES
    (1, 'Casa del libro'), 
	(2, 'Sudamericana'),
	(3, 'CreateSpace Independent Publishing'),
	(4, 'Pearson Education'),
	(5, 'PPC'),
	(6, 'British Library'),
	(7, 'Trillas SA. DE SV.'), 
	(8, 'Les Cahiers du Cinéma'),
	(9, 'Einaudi'),
	(10,'Salamandra Infantil y Juvenil'),
	(11,'Futuropolis'),
	(12,'Revista Portuguesa De Educação' ),
	(13,'La Chispa'), 
	(14,'La Galera');

INSERT INTO GENERO(id,nombre) VALUES
   	(1, 'Científico'              ),
	(2, 'Períodistico'            ),
	(3, 'Documental'              ),
	(4, 'Académico '              ),
	(5, 'Historia'                ),
	(6, 'Literatura clásica'      ),
	(7, 'Literatura contemporánea'), 
	(8, 'Filosófico'              ),
	(9, 'Multimedia'              ),
	(10, 'Artístico'              ),
	(11, 'Literario'              ),
	(12, 'Matématico'             );

INSERT INTO TIPO_COLECCION(id,nombre) VALUES
    (1,  'Tesis'                  ),
	(2,  'Manuscritos'            ),
	(3,  'Libro antiguo'          ),
	(4,  'Libro moderno'          ),
	(5,  'Revistas y periódicos'  ),
	(6,  'Ciencias exactas'       ),
	(7,  'Audio y vídeo'          ), 
	(8,  'Biografía'              ),
	(9,  'Investigaciones'        ),
	(10, 'Archivos y documentales'),
	(11, 'Enciclopedias '         ),
	(12, 'Artículos'              ),
	(13,  'Bibliografías'         ),
	(14,  'Libros juveniles'      ),
	(15,  'Libros infantiles'     ),
	(16,  'Historietas'           ); 

INSERT INTO COLECCION(id,nombre,id_tipo,id_genero) VALUES
	(1,'General'       , 6 , 1),
    (2,'Nacional'      , 10, 5),
    (3,'Internacional' , 10, 5),
    (4,'Tesario'       , 1, 4),
	(5,'Hemeroteca'    , 5, 2), 
	(8,'Referencia'    , 11, 4),
	(9,'Audiovisuales' , 7, 9),
    (10,'Reserva'      , 6, 4),
	(11,'Juventud '    , 14, 11);

INSERT INTO EJEMPLAR(id,nombre,fecha_publicacion,portada,id_coleccion,id_autor,id_bibliografico,id_editorial,id_idioma,id_formato,id_disponibilidad_ejemplar) VALUES
    (1,  'La Ilíada'                                                                                 , '1921-07-13', 0xb14367f3f4,  1, 1, 1, 1, 1, 1, 1),
	(2,  'Cien años de soledad'                                                                      , '1967-06-05', 0xb7c73564d4,  1, 2, 2, 2, 1, 1, 1),
	(3,  'The principia : mathematical principles of natural philosophy'                             , '1687-07-02', 0x481e727aab,  1, 3, 3, 3, 2, 1, 1),
	(4,  'Thomas calculus'                                                                           , '2010-01-01', 0x8b3c35b12e,  10, 4, 4, 4, 2, 1, 1),
	(5,  'Oscar Arnulfo Romero: Biografía'                                                           , '1986-03-30', 0x5811f39237,  2, 5, 5, 5, 1, 1, 2),
	(6,  'The image of the world'                                                                    , '2010-07-10', 0xe8acf7da66,  5, 6, 6, 6, 2, 1, 2),
	(7,  'Teoría de las ideas de Platón'                                                             , '1986-02-28', 0x31d82f8b3e,  4, 7, 7, 1, 1, 1, 1),
	(8,  'La Técnica de investigación documental'                                                    , '1973-08-04', 0x31d82f8b3e,  4, 8, 8, 7, 1, 1, 1),
	(9,  'Derecho judicial'                                                                          , '1942-04-15', 0x6ce8e0be54,  3, 9, 9, 1, 1, 1, 1),
	(10, 'Le documentaire: l autre face du cinéma'                                                   , '2002-12-22', 0xa96368bdb6,  9 , 10, 10, 8, 3, 1, 1),
	(11, 'Harry Potter y las reliquias de la muerte'                                                 , '2007-07-14', 0x7c1b54a949,  11, 11, 11, 9, 1, 1, 1),
	(12, 'Catharsis'                                                                                 , '2009-11-27', 0x7c1b54a949,  10, 12, 12, 10, 5, 1, 1),
	(13, 'Educação Transformadora: As interconexões das teorias de Freire e Morin'                   , '2020-12-30', 0x7c1b54a949,  1, 14, 13, 12, 4, 1, 2),
	(14, 'Louis Pasteur : un jeune chimiste français fit la découverte qui révolutionna la médecine' , '1990-12-26', 0x7c1b54a949,  3, 15, 14, 13, 3, 1, 2),
	(15, 'La Cenicienta'                                                                             , '1637-11-20', 0x7c1b54a949,  11, 11, 15, 14, 1, 1, 2),
	(16, 'La Ilíada'                                                                                 , '1921-07-13', 0xb14367f3f4,  1, 1, 17, 1, 1, 2, 1),
	(17, 'Oscar Arnulfo Romero : biografía'                                                          , '1967-06-05', 0x5811f39237,  2, 5, 18, 5, 1, 2, 1),
	(18, 'La Técnica de investigación documental'                                                    , '1973-08-04', 0x31d82f8b3e,  4, 8, 19, 7, 1, 2, 2),
	(19, 'Le documentaire: l autre face du cinéma'                                                   , '2002-12-22', 0xa96368bdb6,  9, 10, 20, 8, 3, 2, 2),
	(20, 'La Divina Commedia'                                                                        , '1965-08-13', 0x7c1b54a949,  1, 14, 21, 12, 4, 2, 2),
	(21, 'La Cenicienta'                                                                             , '1637-11-20', 0x7c1b54a949,  11, 11, 22, 14, 1, 2, 2);

	INSERT INTO EJEMPLAR(id,nombre,fecha_publicacion,portada,id_coleccion,id_autor,id_bibliografico,id_editorial,id_idioma,id_formato,id_disponibilidad_ejemplar) VALUES
	(21, 'Don Quijote'                                                                               , '1605-01-16', 0x3f860d2c54,  1,  17, 22, 14, 1, 1, 1),
	(22, 'Historia de dos ciudades'                                                                  , '1859-11-26', 0x830d12a668,  3,  18, 22, 14, 1, 1, 1),
	(23, 'El señor de los anillos'                                                                   , '1954-07-29', 0x7c8ee9234b,  11, 16, 22, 14, 1, 1, 1),
	(24, 'El Principito'                                                                             , '1946-04-06', 0xe04ee7c62f,  1,  19, 22, 14, 1, 1, 1),
	(25, 'Harry Potter y la piedra filosofal '                                                       , '2001-11-14', 0x40dda788e0,  11, 11, 22, 14, 1, 1, 1),
	(26, 'El Hobbit'                                                                                 , '1937-09-21', 0xc897d7f017,  1,  20, 22, 14, 1, 1, 1),
	(27, 'Diez negritos'                                                                             , '1939-11-06', 0xff518d87d9,  3,  21, 22, 14, 1, 1, 1),
	(28, 'Sueño en el pabellón rojo '                                                                , '1971-11-28', 0x7926e99dca,  3,  22, 22, 14, 1, 1, 2),
	(29, 'Las aventuras de Alicia en el país de las maravillas '                                     , '1865-11-26', 0x90b976bb4b,  11, 23, 22, 14, 1, 1, 2),
	(30, 'El león, la bruja y el armario'                                                            , '1950-10-16', 0x9fe8f4ab4c,  1,  24, 22, 14, 1, 2, 2),
	(31, 'Ella: Historia de aventuras'                                                               , '1887-03-15', 0xae0940d090,  1,  25, 22, 14, 1, 2, 1),
	(32, 'El código Da Vinci'                                                                        , '2003-03-18', 0xd16f94dfae,  1,  26, 22, 14, 1, 2, 1),
	(33, 'Harry Potter y la cámara secreta'                                                          , '2002-11-03', 0xd098120bcf,  11, 11, 22, 14, 1, 1, 2),
	(35, 'Harry Potter y el prisionero de Azkabán '                                                  , '2004-05-31', 0x0b1d3b1ea2,  11, 11, 22, 14, 1, 1, 2),
	(36, 'Harry Potter y el cáliz de fuego'                                                          , '2005-11-18', 0xc170e3cc34,  11, 11, 22, 14, 1, 2, 2),
	(37, 'Harry Potter y la orden del Fénix'                                                         , '2003-06-21', 0x53e0d44e89,  11, 11, 22, 14, 1, 2, 2),
	(38, 'Harry Potter y el misterio del príncipe'                                                   , '2009-07-15', 0x543a84166c,  11, 11, 22, 14, 1, 1, 2),
	(39, 'El Alquimista'                                                                             , '1988-11-20', 0x1ccdfacb01,  1,  27, 22, 14, 1, 2, 2),
	(40, 'El guardián entre el centeno'                                                              , '1951-07-16', 0x3270d4ad0c,  1,  28, 22, 14, 1, 1, 2),
	(41, 'Piense y hágase rico'                                                                      , '1937-10-02', 0xa9c64582f2,  1,  29, 22, 14, 1, 1, 1),
	(42, 'Los puentes de Madison'                                                                    , '1992-08-10', 0xca4840964d,  1,  30, 22, 14, 1, 1, 1),
	(43, 'Las aventuras de Sherlock Holmes '                                                         , '1892-10-14', 0xea3719df2,   1,  31, 22, 14, 1, 1, 1),
	(44, '20.000 lenguas de viaje submarino '                                                        , '1870-11-26', 0x3f890594fc,  5,  32, 22, 14, 1, 2, 1),
	(45, 'Usted puede sanar su vida'                                                                 , '1984-02-15', 0x9c788a9c77,  1,  33, 22, 14, 1, 1, 1),
	(46, 'Lolita'                                                                                    , '1955-09-20', 0x38add86a32,  1,  34, 22, 14, 1, 1, 1),
	(47, 'Heidi'                                                                                     , '1881-11-20', 0xa976626b86,  1,  35, 22, 14, 1, 1, 1),
	(48, 'El libro del sentido del común del cuidado de bebés y niños'                               , '1946-07-14', 0x220d92b2e2,  1,  36, 22, 14, 1, 1, 1),
	(49, 'Ana de las Tejas Verdes'                                                                   , '1908-10-30', 0xe6f800d360,  1,  37, 22, 14, 1, 1, 1),
	(50, 'Azabache'                                                                                  , '1877-11-24', 0x196921c72d,  11, 38, 22, 14, 1, 1, 1),
	(51, 'Ha llegado el águila '                                                                     , '1976-12-25', 0x7f7a1f6d61,  1,  39, 22, 14, 1, 1, 1),
	(52, 'La colina de Watership '                                                                   , '1972-11-01', 0xf151969f63,  3,  40, 22, 14, 1, 1, 1),
	(53, 'El informe Hite '                                                                          , '1976-02-20', 0xa70635db6a,  3,  41, 22, 14, 1, 1, 1),
	(54, 'La red de Charlotte '                                                                      , '2016-03-17', 0xd18f985e89,  1,  42, 22, 14, 1, 1, 1),
	(55, '.El hombre de mazapán '                                                                    , '1955-11-20', 0xe0f1039b5c,  1,  43, 22, 14, 1, 1, 2),
	(56, 'Ben-Hur  '                                                                                 , '1880-11-12', 0x396b68be7e,  1,  44, 22, 14, 1, 1, 2),
	(57, 'La máscara del Zorro '                                                                     , '1998-10-24', 0xa2e580d5cb,  1,  45, 22, 14, 1, 2, 2),
	(58, 'El cuento de Perico, el conejo travieso'                                                   , '1901-12-16', 0x5ae3107697,  1,  46, 22, 14, 1, 2, 1),
	(59, 'La Odisea '                                                                                , '1921-07-23', 0xfc3e2307cf,  10, 47, 22, 14, 1, 1, 2),
	(60, 'Juan Salvador Gaviota  '                                                                   , '1970-11-20', 0x2822d0c14e,  1,  48, 22, 14, 1, 1, 1),
	(61, 'La pequeña oruga glotona  '                                                                , '1637-11-20', 0x02712b3610,  11, 49, 22, 14, 1, 2, 1),
	(62, 'Un mensaje a García '                                                                      , '1969-06-03', 0xa62784822b,  1,  50, 22, 14, 1, 1, 2),
	(63, 'El mundo de Sofía '                                                                        , '1637-11-20', 0xf5b25d2da2,  1,  51, 22, 14, 1, 2, 1),
	(64, 'Flores en el ático '                                                                       , '1991-12-05', 0x95d8091445,  1,  52, 22, 14, 1, 2, 2),
	(65, 'Matar a un ruiseñor '                                                                      , '1960-07-11', 0x40876b55ef,  1,  53, 22, 14, 1, 1, 2),
	(66, 'Ángeles y demonios'                                                                        , '2009-05-13', 0x97a4c84229,  1,  54, 22, 14, 1, 1, 1),
	(67, 'Kane y Abel '                                                                              , '1979-06-30', 0x23647082a4,  1,  55, 22, 14, 1, 1, 1),
	(68, 'Así se templó el acero  '                                                                  , '1934-11-22', 0xa22ee83dc6,  1,  56, 22, 14, 1, 2, 1),
	(69, 'Guerra y paz'                                                                              , '1867-01-20', 0xc82c472554,  2,  57, 22, 14, 1, 1, 1),
	(70, 'El diario de Ana Frank '                                                                   , '1947-06-25', 0x84e97983bb,  10, 58, 22, 14, 1, 1, 2),
	(71, 'Las aventuras de Pinocho'                                                                  , '1883-08-27', 0xb8dc1f29c5,  11, 59, 22, 14, 1, 1, 1),
	(72, 'Tus zonas erróneas  '                                                                      , '1976-08-01', 0x152aa26a0e,  1,  60, 22, 14, 1, 2, 1),
	(73, 'La agonía del gran planeta Tierra  '                                                       , '1970-11-02', 0x05f254db78,  5,  61, 22, 14, 1, 2, 1),
	(74, 'El pájaro espino'                                                                          , '1977-04-20', 0x8093c2273e,  1,  62, 22, 14, 1, 1, 1),
	(75, 'Cometas en el cielo'                                                                       , '2003-05-29', 0xae1e9a318f,  5,  63, 22, 14, 1, 1, 1),
	(76, 'El símbolo perdido'                                                                        , '2009-09-15', 0x713c5a327b,  5,  64, 22, 14, 1, 1, 2),
	(77, 'Lo que el viento se llevó'                                                                 , '1940-01-17', 0xed184dc00e,  1,  65, 22, 14, 1, 1, 2),
	(78, 'Una vida con propósito '                                                                   , '2022-11-20', 0xbadac90906,  1,  66, 22, 14, 1, 1, 1),
	(79, 'La rebeldía de la Sra. Stover '                                                            , '1956-05-11', 0x5af8687f17,  11, 67, 22, 14, 1, 1, 1),
	(80, 'La Guardia Joven'                                                                          , '1946-03-05', 0xfbb8c4736b,  1,  68, 22, 14, 1, 1, 1),
	(81, '¿Quién se ha llevado mi queso? '                                                           , '1988-09-08', 0xdb04fe6f4f,  1,  69, 22, 14, 1, 1, 1),
	(82, 'El gran Gatsby'                                                                            , '2013-05-01', 0x2a44f48cb4,  1,  70, 22, 14, 1, 1, 1),
	(83, 'El viento en los sauces'                                                                   , '1908-04-01', 0xc96fb4143a,  1,  71, 22, 14, 1, 1, 2),
	(84, 'Los siete hábitos de la gente altamente efectiva '                                         , '1989-08-15', 0x27c8c486fb,  10, 72, 22, 14, 1, 1, 1),
	(85, 'Las nueve revelaciones '                                                                   , '1993-11-20', 0xda9e7cdad8,  10, 73, 22, 14, 1, 1, 2),
	(86, 'Los juegos del hambre'                                                                     , '2008-09-14', 0x3b51fd5133,  11, 74, 22, 14, 1, 1, 2),
	(87, 'Bajo la misma estrella'                                                                    , '2012-01-10', 0x8d00af20ac,  11, 75, 22, 14, 1, 1, 2),
	(88, 'La cabaña'                                                                                 , '2007-05-20', 0xd9bb0d16da,  10, 76, 22, 14, 1, 1, 1),
	(89, 'El padrino'                                                                                , '1969-03-10', 0xf03ccc9665,  10, 77, 22, 14, 1, 1, 1),
	(90, 'Love Story '                                                                               , '1970-02-14', 0xa3164e441c,  1,  78, 22, 14, 2, 1, 1),
	(91, 'Perdida'                                                                                   , '2002-05-24', 0x7a81830baa,  1,  79, 22, 14, 1, 1, 1),
	(92, 'La chica del tren'                                                                         , '2015-01-06', 0xf327ba2339,  1,  80, 22, 14, 1, 1, 2),
	(93, 'Sin novedad en el frente'                                                                  , '1920-12-19', 0x1cf3c80220,  1,  81, 22, 14, 1, 1, 1),
	(94, 'El triángulo de las Bermudas '                                                             , '1987-11-20', 0xd15d2a4f6a,  5,  82, 22, 14, 1, 1, 1),
	(95, 'Todo se desmorona'                                                                         , '1958-08-14', 0xaa4b128a4c,  1,  83, 22, 14, 1, 1, 1),
	(96, 'Rebelión en la granja'                                                                     , '1945-08-17', 0x80a2437964,  1,  84, 22, 14, 1, 1, 2),
	(97, 'Tótem Lobo'                                                                                , '2004-04-20', 0xeb909cda1d,  3,  85, 22, 14, 1, 1, 1),
	(98, 'Tiburón'                                                                                   , '1974-02-27', 0xe66b0ab450,  1,  86, 22, 14, 1, 1, 1),
	(99, 'Sólo para mujeres '                                                                        , '2006-11-20', 0x26f0a83fb8,  1,  87, 22, 14, 1, 1, 1),
	(100, 'Qué esperar cuando se está esperando '                                                    , '1991-01-16', 0x1a958c7b1b,  10, 88, 22, 14, 1, 1, 1);

INSERT INTO PRESTAMO_EJEMPLAR(id_usuario,id_ejemplar,fecha_prestamo,fecha_devolucion) VALUES
    (1, 4,'220315 09:30:00 AM','220325 02:30:00 PM'),
	(2, 8,'220312 07:45:00 AM','220321 09:40:00 AM'),
	(3, 2,'220401 08:32:00 AM','220314 07:25:00 AM'),
	(4, 10,'220327 02:40:00 PM','220329 04:33:00 PM'),
	(5, 16,'220507 07:42:00 AM','220513 01:06:00 PM'),
	(6, 3,'220212 08:14:00 AM','220219 08:30:00 AM'),
	(7, 7,'220423 07:40:00 AM','220428 11:56:00 AM'),
	(8, 12,'220503 10:58:00 AM','220307 02:30:00 PM'),
	(9, 1,'220113 04:30:00 PM','220328 08:23:00 AM'),
	(10, 9,'220318 08:30:00 AM','220324 03:36:00 PM');

INSERT INTO RESERVA_EJEMPLAR(id_usuario,id_ejemplar,fecha_reserva, fecha_devolucion) VALUES
    (1, 9,'220325 02:30:00 PM','220408  10:05:00 AM'),
	(2, 10,'220405 08:45:00 AM','220411 09:33:00 AM'),
	(3, 7,'220512 08:22:00 AM','220523 07:29:00 AM'),
	(4, 4,'220327 01:40:00 PM','220329 02:12:00 PM'),
	(5, 8,'220407 07:15:00 AM','220411 03:06:00 PM'),
	(6, 16,'220603 08:18:00 AM','220616 02:30:00 PM'),
	(7, 1,'220323 09:40:00 AM','220301 10:56:00 AM'),
	(8, 2,'220318 07:58:00 AM','220324 04:20:00 PM'),
	(9, 3,'220312 09:23:00 PM','220317 01:33:00 PM'),
	(10, 12,'220418 07:30:00 AM','220424 02:31:00 PM');

		 
INSERT INTO PALABRA_CLAVE(id,etiqueta,id_ejemplar) VALUES 
    (1 ,'Guerra de Troya'             , 1),
	(2 ,'Aquiles'                     , 1),
	(3 ,'Epopeya griega'              , 1),
	(4 ,'Antigua Grecia'              , 1),
	(5 ,'dioses del Olimpo'           , 1),
	(6 ,'Familia Buendía'             , 2),
	(7 ,'Macondo'                     , 2), 
	(8 ,'Guerra civil'                , 2),
	(9 ,'Coronel Aureliano'           , 2),
	(10,'Cien años de soledad'        , 2),
	(11 ,'History of science'         , 3),
	(12,'Laws of motion'              , 3),
	(13,'Law of universal gravitation', 3),
	(14,'Physics'                     , 3),
	(15,'Science'                     , 3),
	(16,'Engineering'                 , 4),
	(17,'Transcendental Functions'    , 4),
	(18,'Techniques of Integration'   , 4),
	(19,'Derivatives'                 , 4),
	(20,'Integrals'                   , 4),
	(21,'Sacerdote católico'          , 5),
	(22,'Arzobispo '                  , 5),
	(23,'Defensor de los derechos'    , 5),
	(24,'Iglesia Católica '           , 5),
	(25,'Beato Óscar Romero'          , 5),
	(26,'Two thousand years'          , 6),
	(27,'Maps'                        , 6),
	(28,'Image of the World'          , 6),
	(29,'History of world'            , 6),
	(30,'Circular world map'          , 6),
	(31,'filosofía platónica'         , 7),
	(32,'Teoría de las formas'        , 7),
	(33,'Pensador revolucionario'     , 7),
	(34,'Teoría de las ideas'         , 7),
	(35,'Bibliografía'                , 7),
	(36,'Planteamiento del problema'  , 8),
	(37,'investigación documental'    , 8),
	(38,'Métodos'                     , 8),
	(39,'Referencias'                 , 8),
	(40,'Objeto de estudio'           , 8),
	(41,'Doctrinas'                   , 9),
	(42,'Ordenamientos'               , 9),
	(43,'Análisis sistemático'        , 9),
	(44,'Función jurisdiccional'      , 9),
	(45,'Normas jurídicas'            , 9),
	(46,'Fiction '                    , 10),
	(47,'Documentaire'                , 10),
	(48,'Capture d image'             , 10),
	(49,'Télévision les pratique,'    , 10),
	(50,'Histoire du documentaire'    , 10),
	(51,'Hogwarts'                    , 11),
	(52,'Secreto del poder'           , 11),
	(53,'Varita de Saúco'             , 11),
	(54,'Capa de Invisibilidad'       , 11),
	(55,'Piedra de la Resurrección'   , 11),
	(56,'See voices in colours'       , 12), 
	(57,'High school student'         , 12),
	(58,'Nightmares'                  , 12),
	(59,'Monsters'                    , 12),
	(60,'Synesthesia'                 , 12),
	(61,'Prática pedagógica'          , 13),
	(62,'fundamentos epistemológicos' , 13),
	(63,'Educação Transformadora'     , 13),
	(64,'Pensamento complexo'         , 13),
	(65,'Reforma de pensamento'       , 13),
	(66,'Révolutionna la médecine'    , 14),
	(67,'Fermentation'                , 14),
	(68,'Microbiologie'               , 14),
	(69,'Substances chimiques'        , 14),
	(70,'Génération spontanée'        , 14),
	(71,'Hermanastras'                , 15),
	(72,'Princesa'                    , 15),
	(73,'Hada mágica'                 , 15),
	(74,'Hechizo'                     , 15),
	(75,'Príncipe'                    , 15);

